,list_price,past_3_years_bike_related_purchases,property_valuation,age,Cluster
0,0.2860357977551864,9.393939393939394,10.0,8.305084745762713,2
1,5.705567791638216,3.333333333333333,4.0,6.9491525423728815,1
2,5.093726255854887,9.797979797979798,8.0,4.915254237288136,3
3,5.862772065824784,4.94949494949495,4.0,2.3728813559322037,1
4,6.248881921268024,7.979797979797979,8.0,5.932203389830508,3
5,8.566743289123139,7.979797979797979,5.0,6.779661016949153,1
6,8.566743289123139,4.343434343434343,7.0,1.1864406779661016,3
7,7.343156396372137,5.555555555555555,4.0,4.237288135593221,1
8,6.496782818616373,7.272727272727272,7.0,4.406779661016949,3
9,7.008694564935129,1.2121212121212122,11.0,4.067796610169491,0
10,6.746943918132594,3.333333333333333,8.0,4.237288135593221,3
11,3.0310753753378283,3.8383838383838382,4.0,3.389830508474576,1
12,3.032950862243083,3.8383838383838382,8.0,3.898305084745762,2
13,5.906821963394344,6.8686868686868685,10.0,7.288135593220338,2
14,8.216989025997135,4.444444444444445,10.0,1.0169491525423728,3
15,0.4248218287440009,2.6262626262626263,8.0,5.932203389830508,2
16,6.954497802314065,6.0606060606060606,9.0,0.3389830508474576,3
17,9.451251767285738,1.818181818181818,8.0,5.423728813559322,0
18,6.248881921268024,3.8383838383838382,10.0,3.898305084745762,0
19,6.69159300972368,5.858585858585858,10.0,6.271186440677966,2
20,5.7905898646764085,2.121212121212121,7.0,4.576271186440677,0
21,1.0753753378280904,4.646464646464646,12.0,0.0,2
22,0.7880892154694008,7.979797979797979,6.0,2.203389830508475,2
23,5.10257470689506,3.7373737373737375,8.0,2.88135593220339,0
24,5.611985804006811,7.6767676767676765,12.0,5.762711864406779,2
25,3.755253767805104,5.858585858585858,11.0,2.711864406779661,2
26,6.248881921268024,7.878787878787879,12.0,7.457627118644067,2
27,6.69159300972368,7.575757575757575,10.0,2.203389830508475,3
28,3.561645811893473,4.141414141414141,10.0,6.101694915254236,0
29,2.241687745857098,7.6767676767676765,7.0,3.0508474576271185,2
30,9.297702288094026,9.8989898989899,11.0,3.7288135593220337,3
31,1.0753753378280904,3.333333333333333,10.0,4.745762711864407,0
32,2.241687745857098,8.080808080808081,10.0,5.762711864406779,2
33,8.431467784905697,4.040404040404041,8.0,4.067796610169491,3
34,2.3261327460013663,5.454545454545454,8.0,6.101694915254236,2
35,7.422936723957183,9.797979797979798,12.0,2.203389830508475,3
36,8.659652025044965,1.616161616161616,4.0,4.067796610169491,1
37,3.755253767805104,8.88888888888889,8.0,4.576271186440677,3
38,1.6657209083127351,6.767676767676767,6.0,7.796610169491525,2
39,1.6753868792859687,4.94949494949495,2.0,0.5084745762711864,1
40,8.482009752531908,4.343434343434343,2.0,7.288135593220338,1
41,7.008694564935129,0.9090909090909092,8.0,3.5593220338983054,0
42,2.3261327460013663,8.080808080808081,8.0,4.067796610169491,2
43,7.343156396372137,8.282828282828282,10.0,7.627118644067797,2
44,3.561645811893473,8.585858585858587,1.0,2.3728813559322037,1
45,3.7669875833149,2.727272727272727,5.0,1.1864406779661016,1
46,1.3398189914689396,8.181818181818182,3.0,4.745762711864407,1
47,5.862772065824784,0.5050505050505051,3.0,6.610169491525423,1
48,8.431467784905697,3.4343434343434343,9.0,0.847457627118644,0
49,6.14505688976946,5.757575757575758,11.0,5.932203389830508,2
50,9.451251767285738,1.9191919191919191,11.0,7.796610169491525,0
51,1.9474767487713165,3.4343434343434343,7.0,2.88135593220339,2
52,2.558548854029412,3.2323232323232323,9.0,4.915254237288136,0
53,6.611476056283844,6.96969696969697,12.0,3.5593220338983054,2
54,6.746943918132594,0.5050505050505051,11.0,3.5593220338983054,0
55,8.804737768459121,2.323232323232323,11.0,3.898305084745762,0
56,0.7880892154694008,10.0,10.0,3.0508474576271185,2
57,6.995421888374869,9.09090909090909,10.0,2.542372881355932,3
58,8.431467784905697,9.09090909090909,4.0,3.898305084745762,1
59,5.10257470689506,5.858585858585858,6.0,4.406779661016949,3
60,4.869773883604399,5.555555555555555,6.0,0.5084745762711864,1
61,8.431467784905697,5.454545454545454,8.0,7.966101694915253,0
62,4.927144547142047,6.262626262626262,11.0,5.423728813559322,2
63,9.051292162388314,5.454545454545454,8.0,2.3728813559322037,3
64,4.927144547142047,10.0,5.0,0.847457627118644,1
65,1.6879382147288242,2.525252525252525,1.0,2.203389830508475,1
66,0.8264164735075454,0.202020202020202,4.0,5.932203389830508,1
67,2.241687745857098,2.323232323232323,10.0,6.101694915254236,0
68,6.14505688976946,0.7070707070707071,10.0,0.847457627118644,0
69,4.869773883604399,4.646464646464646,9.0,4.745762711864407,0
70,8.566743289123139,4.242424242424242,5.0,3.898305084745762,3
71,9.033018187414042,0.7070707070707071,10.0,7.627118644067797,0
72,2.762447943216028,5.656565656565657,7.0,4.576271186440677,2
73,4.330499264232062,1.818181818181818,11.0,7.627118644067797,0
74,7.806305483154282,0.9090909090909092,10.0,1.3559322033898304,0
75,6.954497802314065,0.6060606060606061,3.0,4.745762711864407,1
76,1.6753868792859687,1.2121212121212122,8.0,1.1864406779661016,0
77,8.954055379762055,6.363636363636363,8.0,3.898305084745762,3
78,9.051292162388314,3.7373737373737375,11.0,1.5254237288135593,0
79,6.995421888374869,7.979797979797979,12.0,8.135593220338983,2
80,6.69159300972368,1.414141414141414,9.0,3.7288135593220337,0
81,8.134371423350293,8.98989898989899,7.0,4.067796610169491,3
82,3.755253767805104,0.202020202020202,7.0,5.932203389830508,0
83,6.159435622709744,8.484848484848484,10.0,4.237288135593221,2
84,8.134371423350293,9.696969696969695,11.0,4.237288135593221,3
85,2.705654352572303,3.0303030303030303,10.0,6.101694915254236,0
86,8.566743289123139,4.848484848484849,8.0,1.1864406779661016,3
87,3.5401498465947894,9.494949494949497,2.0,2.542372881355932,1
88,9.033018187414042,3.4343434343434343,11.0,2.711864406779661,0
89,8.804737768459121,7.171717171717171,8.0,5.593220338983051,3
90,3.253825512392641,1.818181818181818,7.0,4.745762711864407,0
91,5.862772065824784,5.454545454545454,9.0,3.0508474576271185,3
92,1.0753753378280904,9.494949494949497,1.0,2.542372881355932,1
93,7.074865590105126,9.494949494949497,4.0,4.406779661016949,1
94,4.552768507208604,6.262626262626262,8.0,3.220338983050847,3
95,2.780770007598127,8.282828282828282,5.0,0.847457627118644,1
96,7.528492974137518,1.616161616161616,2.0,4.576271186440677,1
97,8.634164638896639,7.070707070707071,1.0,6.101694915254236,1
98,2.50786261817972,2.4242424242424243,10.0,1.694915254237288,0
99,7.528492974137518,3.131313131313131,9.0,4.237288135593221,0
100,8.482009752531908,7.474747474747475,7.0,6.271186440677966,3
101,0.2860357977551864,3.8383838383838382,8.0,5.423728813559322,2
102,1.6657209083127351,2.2222222222222223,8.0,2.542372881355932,0
103,6.69159300972368,0.0,6.0,3.5593220338983054,0
104,7.934319486789842,3.4343434343434343,8.0,1.8644067796610164,3
105,8.45233858790263,3.8383838383838382,7.0,2.711864406779661,3
106,0.8264164735075454,10.0,9.0,2.3728813559322037,2
107,6.14505688976946,4.141414141414141,5.0,2.88135593220339,3
108,4.48688601848557,7.171717171717171,8.0,2.88135593220339,3
109,5.539322708780166,4.343434343434343,2.0,5.423728813559322,1
110,1.0381060467621406,8.080808080808081,7.0,2.203389830508475,2
111,7.422936723957183,3.939393939393939,8.0,7.457627118644067,0
112,9.58734479143624,1.9191919191919191,9.0,4.915254237288136,0
113,4.656785896338474,0.202020202020202,10.0,3.220338983050847,0
114,7.813999788406608,5.353535353535354,8.0,4.745762711864407,3
115,2.241687745857098,7.272727272727272,2.0,4.576271186440677,1
116,1.6879382147288242,2.6262626262626263,5.0,4.745762711864407,0
117,8.634164638896639,3.2323232323232323,9.0,5.2542372881355925,0
118,4.552768507208604,1.9191919191919191,9.0,0.847457627118644,0
119,5.862772065824784,1.9191919191919191,10.0,4.237288135593221,0
120,2.558548854029412,5.454545454545454,8.0,4.915254237288136,2
121,7.813999788406608,9.797979797979798,8.0,2.711864406779661,3
122,1.6657209083127351,8.787878787878787,8.0,1.8644067796610164,2
123,6.69159300972368,7.878787878787879,2.0,7.288135593220338,1
124,9.051292162388314,9.191919191919192,10.0,3.7288135593220337,3
125,8.634164638896639,5.656565656565657,11.0,3.7288135593220337,3
126,3.755253767805104,7.474747474747475,11.0,2.203389830508475,2
127,7.934319486789842,5.05050505050505,10.0,6.271186440677966,0
128,6.954497802314065,2.0202020202020203,6.0,3.898305084745762,0
129,2.344454810383465,4.747474747474747,5.0,4.237288135593221,2
130,5.047223798486146,6.96969696969697,8.0,0.5084745762711864,3
131,3.666913525626846,1.2121212121212122,3.0,3.898305084745762,1
132,5.465986361843942,0.9090909090909092,9.0,3.7288135593220337,0
133,7.343156396372137,9.797979797979798,4.0,4.067796610169491,1
134,5.906821963394344,6.4646464646464645,9.0,7.796610169491525,2
135,9.297702288094026,8.282828282828282,12.0,2.3728813559322037,3
136,5.7905898646764085,0.7070707070707071,4.0,8.135593220338983,1
137,8.45233858790263,0.7070707070707071,9.0,8.135593220338983,0
138,3.7669875833149,9.8989898989899,5.0,4.745762711864407,3
139,5.093726255854887,7.070707070707071,8.0,4.406779661016949,3
140,9.051292162388314,6.96969696969697,9.0,6.101694915254236,2
141,4.330499264232062,3.5353535353535355,7.0,7.966101694915253,0
142,6.099035326478991,7.070707070707071,12.0,4.237288135593221,2
143,6.159435622709744,8.686868686868687,5.0,3.5593220338983054,3
144,7.343156396372137,5.656565656565657,8.0,2.711864406779661,3
145,5.705567791638216,0.9090909090909092,1.0,4.237288135593221,1
146,7.343156396372137,1.414141414141414,8.0,2.0338983050847457,0
147,3.5130755099881705,9.393939393939394,11.0,7.457627118644067,2
148,6.073307493291529,7.878787878787879,8.0,0.0,3
149,7.343156396372137,4.343434343434343,11.0,7.796610169491525,0
150,8.659652025044965,1.0101010101010102,7.0,5.084745762711864,0
151,2.241687745857098,0.0,10.0,4.237288135593221,0
152,7.422936723957183,8.383838383838384,10.0,2.0338983050847457,3
153,8.659652025044965,9.494949494949497,7.0,6.440677966101695,3
154,2.558548854029412,9.393939393939394,4.0,1.1864406779661016,1
155,6.248881921268024,2.6262626262626263,7.0,4.745762711864407,0
156,5.063910823002127,7.474747474747475,5.0,4.745762711864407,3
157,7.074865590105126,0.202020202020202,9.0,0.1694915254237288,0
158,0.7880892154694008,7.373737373737374,10.0,4.067796610169491,2
159,0.2860357977551864,9.8989898989899,10.0,0.1694915254237288,2
160,2.705654352572303,0.5050505050505051,10.0,4.576271186440677,0
161,7.008694564935129,2.2222222222222223,7.0,7.288135593220338,1
162,8.491579544689488,9.797979797979798,5.0,1.8644067796610164,1
163,9.58734479143624,8.88888888888889,7.0,2.711864406779661,3
164,6.14505688976946,1.9191919191919191,5.0,3.898305084745762,0
165,2.241687745857098,3.2323232323232323,9.0,7.288135593220338,0
166,5.047223798486146,5.151515151515151,8.0,8.135593220338983,0
167,5.862772065824784,9.191919191919192,9.0,1.0169491525423728,3
168,2.708683985265406,8.282828282828282,10.0,7.966101694915253,2
169,3.755253767805104,1.1111111111111112,9.0,1.3559322033898304,0
170,7.934319486789842,6.8686868686868685,3.0,2.0338983050847457,1
171,5.047223798486146,3.5353535353535355,9.0,4.915254237288136,0
172,7.813999788406608,2.323232323232323,4.0,4.745762711864407,1
173,6.995421888374869,2.4242424242424243,9.0,3.7288135593220337,0
174,9.033018187414042,3.333333333333333,3.0,4.576271186440677,1
175,4.869773883604399,9.696969696969695,8.0,4.745762711864407,3
176,7.422936723957183,1.9191919191919191,7.0,1.694915254237288,0
177,5.7905898646764085,9.494949494949497,9.0,4.237288135593221,2
178,2.780770007598127,4.040404040404041,6.0,6.271186440677966,2
179,8.804737768459121,9.8989898989899,3.0,5.2542372881355925,1
180,4.869773883604399,6.4646464646464645,12.0,3.898305084745762,2
181,8.491579544689488,9.292929292929292,12.0,3.389830508474576,3
182,3.7669875833149,5.555555555555555,12.0,2.203389830508475,2
183,5.481952045242517,2.323232323232323,9.0,7.457627118644067,0
184,5.906821963394344,8.383838383838384,10.0,0.3389830508474576,3
185,5.705567791638216,6.666666666666667,5.0,6.440677966101695,1
186,6.248881921268024,6.4646464646464645,12.0,4.406779661016949,2
187,5.844450001442684,1.616161616161616,10.0,6.779661016949153,0
188,8.566743289123139,6.4646464646464645,9.0,3.7288135593220337,3
189,8.64642743789253,1.0101010101010102,5.0,3.898305084745762,0
190,5.844450001442684,6.767676767676767,9.0,1.5254237288135593,3
191,4.48688601848557,6.4646464646464645,9.0,7.288135593220338,2
192,7.528492974137518,5.353535353535354,4.0,4.576271186440677,1
193,5.10257470689506,2.323232323232323,8.0,6.271186440677966,0
194,4.656785896338474,0.9090909090909092,9.0,4.915254237288136,0
195,1.0526771373337311,5.151515151515151,7.0,2.0338983050847457,2
196,2.0653438873553718,4.343434343434343,1.0,4.067796610169491,1
197,5.906821963394344,1.616161616161616,9.0,4.406779661016949,0
198,1.0381060467621406,0.8080808080808081,4.0,2.542372881355932,1
199,5.093726255854887,6.666666666666667,8.0,4.067796610169491,3
200,5.582074192338397,6.262626262626262,2.0,3.898305084745762,1
201,8.431467784905697,3.333333333333333,7.0,7.966101694915253,0
202,4.48688601848557,10.0,10.0,5.423728813559322,2
203,0.4248218287440009,6.96969696969697,1.0,7.627118644067797,1
204,8.634164638896639,6.767676767676767,8.0,6.9491525423728815,2
205,6.248881921268024,0.101010101010101,9.0,8.305084745762713,0
206,3.7669875833149,8.88888888888889,12.0,5.423728813559322,2
207,2.0653438873553718,0.7070707070707071,8.0,3.220338983050847,0
208,8.634164638896639,3.0303030303030303,2.0,7.288135593220338,1
209,1.6879382147288242,6.666666666666667,10.0,4.067796610169491,2
210,5.862772065824784,7.373737373737374,10.0,6.271186440677966,2
211,7.074865590105126,0.0,10.0,6.101694915254236,0
212,6.496782818616373,3.939393939393939,8.0,1.3559322033898304,0
213,6.496782818616373,9.595959595959595,10.0,2.0338983050847457,3
214,5.465986361843942,6.4646464646464645,10.0,7.796610169491525,2
215,9.58734479143624,8.98989898989899,7.0,4.745762711864407,3
216,2.780770007598127,8.383838383838384,10.0,4.576271186440677,2
217,8.45233858790263,1.5151515151515151,8.0,6.610169491525423,0
218,4.656785896338474,7.6767676767676765,4.0,1.1864406779661016,1
219,2.6812249333961704,8.585858585858587,9.0,2.3728813559322037,2
220,5.611985804006811,1.616161616161616,4.0,4.745762711864407,1
221,8.482009752531908,6.4646464646464645,7.0,3.0508474576271185,3
222,1.3398189914689396,7.272727272727272,8.0,4.915254237288136,2
223,8.431467784905697,0.6060606060606061,11.0,8.135593220338983,0
224,1.6879382147288242,6.565656565656566,8.0,4.745762711864407,2
225,5.582074192338397,5.656565656565657,8.0,1.694915254237288,3
226,5.582074192338397,7.272727272727272,6.0,0.6779661016949152,1
227,8.420214863474172,5.555555555555555,8.0,4.406779661016949,3
228,8.634164638896639,5.555555555555555,11.0,3.7288135593220337,3
229,5.847960528214057,3.2323232323232323,9.0,0.3389830508474576,0
230,0.2860357977551864,5.05050505050505,4.0,6.779661016949153,1
231,8.491579544689488,4.545454545454545,7.0,1.1864406779661016,3
232,2.762447943216028,9.393939393939394,9.0,7.796610169491525,2
233,5.862772065824784,8.181818181818182,7.0,7.288135593220338,1
234,9.963788675906248,1.7171717171717171,3.0,6.779661016949153,1
235,4.927144547142047,2.929292929292929,8.0,7.11864406779661,0
236,9.033018187414042,9.09090909090909,3.0,2.711864406779661,1
237,2.50786261817972,5.151515151515151,8.0,2.711864406779661,2
238,5.027747588316199,4.242424242424242,9.0,5.2542372881355925,0
239,5.093726255854887,5.151515151515151,4.0,4.745762711864407,1
240,2.6812249333961704,1.2121212121212122,1.0,4.576271186440677,1
241,5.844450001442684,5.05050505050505,8.0,5.423728813559322,3
242,3.755253767805104,8.686868686868687,3.0,4.067796610169491,1
243,3.7669875833149,2.323232323232323,4.0,4.745762711864407,1
244,0.2324161080280458,4.444444444444445,9.0,3.898305084745762,0
245,5.611985804006811,3.5353535353535355,10.0,2.3728813559322037,0
246,1.9474767487713165,4.141414141414141,8.0,5.932203389830508,2
247,4.927144547142047,3.8383838383838382,9.0,1.3559322033898304,0
248,2.241687745857098,8.282828282828282,2.0,3.220338983050847,1
249,7.813999788406608,7.373737373737374,7.0,3.7288135593220337,3
250,5.3721639271734025,7.575757575757575,7.0,1.694915254237288,1
251,3.032950862243083,5.353535353535354,8.0,4.237288135593221,2
252,5.844450001442684,8.88888888888889,8.0,2.542372881355932,3
253,2.780770007598127,2.525252525252525,7.0,7.288135593220338,2
254,7.008694564935129,5.757575757575758,3.0,6.101694915254236,1
255,9.451251767285738,1.616161616161616,6.0,5.084745762711864,0
256,9.58734479143624,1.818181818181818,10.0,7.966101694915253,0
257,6.159435622709744,7.272727272727272,1.0,7.11864406779661,1
258,2.50786261817972,4.94949494949495,3.0,0.6779661016949152,1
259,6.159435622709744,4.444444444444445,8.0,2.0338983050847457,3
260,4.552768507208604,8.383838383838384,6.0,3.898305084745762,3
261,2.705654352572303,7.6767676767676765,10.0,5.593220338983051,2
262,5.027747588316199,6.0606060606060606,9.0,5.084745762711864,0
263,8.634164638896639,5.05050505050505,1.0,5.762711864406779,1
264,0.4248218287440009,3.131313131313131,10.0,3.898305084745762,0
265,2.705654352572303,8.484848484848484,8.0,1.5254237288135593,2
266,6.073307493291529,0.7070707070707071,6.0,4.576271186440677,0
267,8.804737768459121,6.96969696969697,10.0,4.067796610169491,3
268,7.806305483154282,9.8989898989899,9.0,4.067796610169491,3
269,6.611476056283844,6.0606060606060606,11.0,7.796610169491525,2
270,2.50786261817972,5.757575757575758,7.0,5.593220338983051,2
271,8.420214863474172,3.4343434343434343,5.0,3.7288135593220337,3
272,8.64642743789253,7.575757575757575,9.0,3.220338983050847,3
273,9.526126975272428,5.151515151515151,9.0,3.0508474576271185,3
274,5.7905898646764085,8.98989898989899,11.0,3.5593220338983054,2
275,3.5130755099881705,4.747474747474747,3.0,5.2542372881355925,1
276,8.954055379762055,4.242424242424242,4.0,1.1864406779661016,1
277,0.2324161080280458,8.282828282828282,8.0,5.423728813559322,2
278,7.806305483154282,10.0,8.0,5.932203389830508,3
279,8.134371423350293,4.646464646464646,1.0,4.067796610169491,1
280,3.5401498465947894,9.191919191919192,8.0,3.7288135593220337,3
281,8.45233858790263,9.595959595959595,8.0,2.542372881355932,3
282,5.10257470689506,1.2121212121212122,4.0,6.440677966101695,1
283,8.659652025044965,7.777777777777778,9.0,2.88135593220339,3
284,5.027747588316199,0.202020202020202,10.0,1.5254237288135593,0
285,0.2860357977551864,0.101010101010101,2.0,1.694915254237288,1
286,7.806305483154282,2.4242424242424243,6.0,4.915254237288136,0
287,6.496782818616373,6.262626262626262,7.0,6.610169491525423,3
288,8.804737768459121,10.0,9.0,7.966101694915253,2
289,6.995421888374869,2.8282828282828283,8.0,3.7288135593220337,3
290,2.558548854029412,9.696969696969695,8.0,0.5084745762711864,2
291,8.216989025997135,2.4242424242424243,8.0,0.6779661016949152,0
292,0.2324161080280458,4.747474747474747,12.0,4.745762711864407,0
293,2.6812249333961704,7.171717171717171,12.0,7.627118644067797,2
294,2.708683985265406,3.8383838383838382,8.0,1.694915254237288,2
295,3.032950862243083,1.2121212121212122,3.0,4.237288135593221,1
296,2.344454810383465,9.09090909090909,4.0,1.0169491525423728,1
297,8.45233858790263,0.9090909090909092,8.0,1.1864406779661016,0
298,5.705567791638216,3.7373737373737375,3.0,4.915254237288136,1
299,6.14505688976946,3.333333333333333,3.0,2.0338983050847457,1
300,3.0310753753378283,0.404040404040404,11.0,7.627118644067797,0
301,5.847960528214057,2.727272727272727,6.0,5.2542372881355925,0
302,5.093726255854887,8.080808080808081,7.0,2.203389830508475,1
303,7.074865590105126,3.7373737373737375,7.0,0.3389830508474576,3
304,0.8264164735075454,2.6262626262626263,4.0,3.5593220338983054,1
305,2.3261327460013663,6.363636363636363,9.0,2.3728813559322037,2
306,2.762447943216028,7.979797979797979,10.0,3.7288135593220337,2
307,6.954497802314065,5.353535353535354,1.0,4.067796610169491,1
308,8.431467784905697,8.080808080808081,8.0,3.7288135593220337,3
309,4.927144547142047,1.9191919191919191,12.0,6.9491525423728815,0
310,2.6812249333961704,0.6060606060606061,10.0,5.423728813559322,0
311,0.8264164735075454,7.373737373737374,10.0,6.271186440677966,2
312,5.611985804006811,2.8282828282828283,9.0,4.915254237288136,0
313,4.656785896338474,1.2121212121212122,10.0,4.915254237288136,0
314,1.6657209083127351,0.7070707070707071,7.0,3.0508474576271185,0
315,9.297702288094026,7.878787878787879,5.0,0.1694915254237288,1
316,6.954497802314065,4.444444444444445,10.0,5.762711864406779,0
317,8.954055379762055,3.131313131313131,12.0,3.389830508474576,0
318,10.0,5.858585858585858,3.0,4.067796610169491,1
319,5.481952045242517,8.282828282828282,8.0,3.7288135593220337,3
320,4.48688601848557,2.0202020202020203,9.0,6.101694915254236,0
321,9.051292162388314,6.262626262626262,8.0,6.610169491525423,3
322,6.611476056283844,5.555555555555555,9.0,4.915254237288136,0
323,6.954497802314065,2.121212121212121,9.0,3.5593220338983054,0
324,2.780770007598127,9.797979797979798,10.0,3.220338983050847,2
325,8.659652025044965,5.858585858585858,7.0,6.101694915254236,3
326,3.7669875833149,2.525252525252525,8.0,4.067796610169491,0
327,6.14505688976946,2.525252525252525,5.0,5.593220338983051,0
328,5.582074192338397,4.242424242424242,5.0,6.610169491525423,1
329,5.906821963394344,4.848484848484849,7.0,2.0338983050847457,3
330,2.762447943216028,4.646464646464646,9.0,6.9491525423728815,0
331,2.558548854029412,5.151515151515151,8.0,4.745762711864407,2
332,2.780770007598127,4.141414141414141,7.0,4.067796610169491,2
333,2.344454810383465,7.777777777777778,7.0,7.11864406779661,2
334,3.7669875833149,6.363636363636363,11.0,6.440677966101695,2
335,3.5130755099881705,5.252525252525253,8.0,5.084745762711864,2
336,0.2860357977551864,3.333333333333333,8.0,4.406779661016949,2
337,1.0753753378280904,4.242424242424242,12.0,4.067796610169491,0
338,8.491579544689488,0.0,9.0,6.271186440677966,0
339,0.7880892154694008,8.686868686868687,12.0,5.2542372881355925,2
340,5.3721639271734025,5.959595959595959,10.0,0.5084745762711864,3
341,8.431467784905697,7.6767676767676765,9.0,1.3559322033898304,3
342,3.253825512392641,1.818181818181818,8.0,1.0169491525423728,0
343,2.558548854029412,5.353535353535354,11.0,6.9491525423728815,2
344,8.491579544689488,1.3131313131313131,6.0,1.1864406779661016,0
345,8.482009752531908,3.131313131313131,10.0,4.745762711864407,0
346,8.64642743789253,5.353535353535354,6.0,4.406779661016949,3
347,7.528492974137518,4.343434343434343,9.0,2.711864406779661,3
348,0.9166322025910576,1.9191919191919191,7.0,5.593220338983051,0
349,3.032950862243083,1.818181818181818,1.0,4.576271186440677,1
350,5.582074192338397,7.878787878787879,9.0,2.203389830508475,3
351,8.634164638896639,0.101010101010101,12.0,5.762711864406779,0
352,6.954497802314065,7.373737373737374,1.0,2.711864406779661,1
353,5.093726255854887,4.94949494949495,10.0,4.237288135593221,0
354,1.9474767487713165,7.070707070707071,10.0,4.067796610169491,2
355,2.0653438873553718,4.444444444444445,7.0,0.5084745762711864,2
356,7.343156396372137,4.646464646464646,7.0,3.898305084745762,3
357,8.659652025044965,9.292929292929292,1.0,1.8644067796610164,1
358,10.0,1.414141414141414,3.0,7.11864406779661,1
359,9.451251767285738,0.303030303030303,7.0,1.3559322033898304,0
360,10.0,1.616161616161616,9.0,6.271186440677966,0
361,6.746943918132594,3.0303030303030303,3.0,3.5593220338983054,1
362,5.847960528214057,1.2121212121212122,7.0,2.3728813559322037,0
363,9.963788675906248,4.444444444444445,6.0,4.067796610169491,3
364,5.063910823002127,3.5353535353535355,12.0,5.762711864406779,0
365,8.491579544689488,1.5151515151515151,4.0,4.237288135593221,1
366,3.7669875833149,5.858585858585858,9.0,1.0169491525423728,3
367,5.10257470689506,4.747474747474747,9.0,4.576271186440677,0
368,2.705654352572303,1.616161616161616,8.0,7.627118644067797,0
369,7.008694564935129,5.353535353535354,11.0,4.406779661016949,0
370,5.027747588316199,0.7070707070707071,8.0,8.135593220338983,0
371,4.552768507208604,0.0,10.0,7.288135593220338,0
372,4.869773883604399,8.88888888888889,8.0,3.898305084745762,3
373,5.3721639271734025,2.929292929292929,9.0,4.576271186440677,0
374,6.099035326478991,1.616161616161616,8.0,4.237288135593221,0
375,8.45233858790263,5.656565656565657,10.0,2.0338983050847457,3
376,7.343156396372137,1.7171717171717171,9.0,1.694915254237288,0
377,5.063910823002127,3.333333333333333,7.0,6.101694915254236,0
378,7.008694564935129,1.0101010101010102,11.0,0.5084745762711864,0
379,2.50786261817972,0.9090909090909092,3.0,6.779661016949153,1
380,2.50786261817972,7.070707070707071,11.0,1.1864406779661016,2
381,7.934319486789842,1.616161616161616,6.0,4.406779661016949,0
382,0.2860357977551864,7.777777777777778,4.0,4.406779661016949,1
383,2.762447943216028,9.595959595959595,10.0,7.796610169491525,2
384,10.0,7.878787878787879,1.0,4.576271186440677,1
385,4.552768507208604,8.88888888888889,8.0,2.711864406779661,3
386,8.659652025044965,3.939393939393939,10.0,4.067796610169491,0
387,0.0,10.0,11.0,4.406779661016949,2
388,3.5130755099881705,3.5353535353535355,5.0,1.0169491525423728,1
389,2.780770007598127,3.131313131313131,7.0,2.711864406779661,2
390,5.906821963394344,2.727272727272727,6.0,3.220338983050847,3
391,9.051292162388314,3.0303030303030303,11.0,2.3728813559322037,0
392,7.813999788406608,7.373737373737374,12.0,5.593220338983051,2
393,4.330499264232062,2.2222222222222223,9.0,2.711864406779661,0
394,5.047223798486146,4.545454545454545,4.0,1.1864406779661016,1
395,6.995421888374869,0.5050505050505051,3.0,1.1864406779661016,1
396,0.4248218287440009,3.333333333333333,9.0,0.3389830508474576,0
397,8.420214863474172,0.8080808080808081,8.0,7.966101694915253,0
398,5.10257470689506,6.96969696969697,9.0,4.406779661016949,2
399,2.6812249333961704,7.070707070707071,8.0,4.067796610169491,2
400,7.074865590105126,4.646464646464646,5.0,1.0169491525423728,1
401,7.422936723957183,0.404040404040404,9.0,4.576271186440677,0
402,3.032950862243083,10.0,3.0,2.3728813559322037,1
403,0.0,5.959595959595959,6.0,3.220338983050847,2
404,0.0,3.939393939393939,9.0,2.0338983050847457,0
405,4.330499264232062,8.686868686868687,11.0,6.779661016949153,2
406,5.093726255854887,2.121212121212121,12.0,2.203389830508475,0
407,2.0653438873553718,9.696969696969695,10.0,7.11864406779661,2
408,9.451251767285738,9.696969696969695,8.0,4.406779661016949,3
409,6.611476056283844,8.383838383838384,11.0,4.745762711864407,2
410,2.705654352572303,4.343434343434343,7.0,4.406779661016949,2
411,6.14505688976946,3.636363636363636,4.0,6.271186440677966,1
412,8.45233858790263,4.747474747474747,7.0,1.694915254237288,3
413,0.8264164735075454,9.09090909090909,11.0,6.440677966101695,2
414,4.552768507208604,10.0,9.0,3.0508474576271185,3
415,6.995421888374869,6.0606060606060606,2.0,3.7288135593220337,1
416,5.862772065824784,4.646464646464646,11.0,4.237288135593221,0
417,4.927144547142047,9.595959595959595,4.0,0.6779661016949152,1
418,0.0,6.4646464646464645,9.0,7.966101694915253,2
419,5.3721639271734025,7.373737373737374,5.0,1.0169491525423728,1
420,5.862772065824784,7.171717171717171,9.0,5.762711864406779,2
421,3.0310753753378283,2.727272727272727,1.0,6.271186440677966,1
422,7.008694564935129,6.96969696969697,7.0,4.745762711864407,3
423,6.159435622709744,9.797979797979798,8.0,4.237288135593221,3
424,3.5130755099881705,4.040404040404041,9.0,5.084745762711864,0
425,8.804737768459121,2.0202020202020203,8.0,1.0169491525423728,0
426,7.934319486789842,3.333333333333333,7.0,5.932203389830508,0
427,1.3398189914689396,4.848484848484849,9.0,4.745762711864407,0
428,8.134371423350293,5.858585858585858,8.0,4.067796610169491,3
429,5.047223798486146,0.202020202020202,10.0,4.067796610169491,0
430,7.528492974137518,8.484848484848484,10.0,4.576271186440677,3
431,6.69159300972368,8.98989898989899,11.0,5.762711864406779,2
432,0.2860357977551864,6.767676767676767,4.0,5.762711864406779,1
433,9.051292162388314,3.131313131313131,10.0,5.593220338983051,0
434,6.69159300972368,3.8383838383838382,4.0,2.3728813559322037,1
435,8.45233858790263,3.8383838383838382,9.0,4.067796610169491,0
436,5.047223798486146,1.3131313131313131,9.0,4.067796610169491,0
437,5.10257470689506,4.040404040404041,10.0,4.237288135593221,0
438,0.8264164735075454,0.0,7.0,2.3728813559322037,0
439,6.159435622709744,1.2121212121212122,9.0,3.389830508474576,0
440,5.611985804006811,9.393939393939394,7.0,5.2542372881355925,3
441,5.582074192338397,1.2121212121212122,6.0,2.542372881355932,0
442,6.954497802314065,8.383838383838384,7.0,5.593220338983051,3
443,4.330499264232062,1.9191919191919191,7.0,6.271186440677966,0
444,3.5401498465947894,0.9090909090909092,4.0,4.237288135593221,1
445,8.954055379762055,3.8383838383838382,11.0,0.3389830508474576,3
446,5.10257470689506,8.383838383838384,7.0,7.288135593220338,1
447,1.0381060467621406,1.7171717171717171,4.0,4.067796610169491,1
448,1.0526771373337311,2.4242424242424243,7.0,4.237288135593221,0
449,8.634164638896639,3.636363636363636,2.0,4.915254237288136,1
450,5.906821963394344,7.373737373737374,1.0,8.305084745762713,1
451,3.7669875833149,9.494949494949497,7.0,1.5254237288135593,1
452,2.762447943216028,1.5151515151515151,6.0,7.11864406779661,1
453,1.6879382147288242,4.242424242424242,1.0,0.1694915254237288,1
454,7.008694564935129,6.363636363636363,9.0,0.847457627118644,3
455,8.491579544689488,0.8080808080808081,2.0,2.711864406779661,1
456,7.806305483154282,9.292929292929292,2.0,2.203389830508475,1
457,2.241687745857098,9.09090909090909,1.0,5.932203389830508,1
458,10.0,6.8686868686868685,6.0,4.067796610169491,3
459,2.708683985265406,3.939393939393939,4.0,3.898305084745762,1
460,9.451251767285738,2.0202020202020203,5.0,2.203389830508475,1
461,8.491579544689488,7.171717171717171,2.0,1.3559322033898304,1
462,2.558548854029412,0.202020202020202,8.0,2.88135593220339,0
463,0.9166322025910576,7.070707070707071,3.0,6.101694915254236,1
464,6.611476056283844,2.4242424242424243,7.0,6.440677966101695,0
465,5.465986361843942,3.0303030303030303,7.0,6.779661016949153,0
466,2.241687745857098,2.929292929292929,6.0,5.762711864406779,0
467,0.7880892154694008,5.151515151515151,3.0,3.898305084745762,1
468,7.528492974137518,4.94949494949495,7.0,5.932203389830508,3
469,6.611476056283844,5.656565656565657,6.0,6.9491525423728815,1
470,2.558548854029412,8.98989898989899,7.0,3.7288135593220337,3
471,1.0381060467621406,6.161616161616162,9.0,2.203389830508475,2
472,7.422936723957183,9.191919191919192,7.0,3.5593220338983054,3
473,5.063910823002127,3.5353535353535355,7.0,4.745762711864407,0
474,8.954055379762055,0.0,7.0,1.8644067796610164,0
475,7.343156396372137,2.929292929292929,7.0,0.6779661016949152,0
476,3.5130755099881705,9.797979797979798,8.0,5.593220338983051,3
477,8.566743289123139,1.3131313131313131,9.0,7.796610169491525,0
478,2.241687745857098,7.373737373737374,7.0,5.423728813559322,2
479,10.0,8.98989898989899,10.0,3.0508474576271185,3
480,7.008694564935129,5.959595959595959,2.0,2.711864406779661,1
481,7.008694564935129,7.979797979797979,3.0,2.0338983050847457,1
482,5.093726255854887,2.929292929292929,4.0,1.3559322033898304,1
483,4.656785896338474,2.727272727272727,8.0,2.3728813559322037,0
484,6.099035326478991,1.9191919191919191,10.0,3.5593220338983054,0
485,1.6879382147288242,2.0202020202020203,2.0,2.88135593220339,1
486,7.806305483154282,8.787878787878787,6.0,4.237288135593221,3
487,3.7669875833149,1.5151515151515151,7.0,2.3728813559322037,0
488,6.496782818616373,8.282828282828282,8.0,4.067796610169491,3
489,1.6879382147288242,1.616161616161616,4.0,4.237288135593221,1
490,5.705567791638216,1.414141414141414,4.0,6.779661016949153,1
491,2.241687745857098,6.767676767676767,2.0,3.898305084745762,1
492,2.762447943216028,2.0202020202020203,2.0,1.1864406779661016,1
493,3.0310753753378283,9.494949494949497,10.0,7.11864406779661,2
494,9.051292162388314,8.88888888888889,7.0,3.0508474576271185,3
495,10.0,8.383838383838384,1.0,0.847457627118644,1
496,1.0381060467621406,0.8080808080808081,5.0,1.3559322033898304,1
497,10.0,4.141414141414141,6.0,5.423728813559322,3
498,7.934319486789842,5.656565656565657,5.0,6.440677966101695,1
499,9.451251767285738,5.151515151515151,8.0,1.3559322033898304,3
500,4.927144547142047,3.939393939393939,8.0,7.288135593220338,0
501,9.526126975272428,3.636363636363636,9.0,4.067796610169491,0
502,3.253825512392641,8.98989898989899,9.0,6.101694915254236,2
503,3.5130755099881705,8.686868686868687,8.0,2.203389830508475,2
504,0.2844488472968944,7.979797979797979,10.0,2.88135593220339,2
505,9.033018187414042,4.848484848484849,8.0,0.6779661016949152,3
506,5.582074192338397,7.171717171717171,7.0,5.932203389830508,3
507,5.10257470689506,3.333333333333333,9.0,4.237288135593221,0
508,5.7905898646764085,6.262626262626262,5.0,4.406779661016949,3
509,8.634164638896639,9.696969696969695,5.0,4.406779661016949,3
510,3.561645811893473,2.0202020202020203,4.0,2.542372881355932,1
511,6.954497802314065,8.484848484848484,7.0,5.932203389830508,3
512,0.4248218287440009,5.858585858585858,6.0,0.1694915254237288,2
513,0.8264164735075454,1.818181818181818,10.0,3.7288135593220337,0
514,10.0,5.252525252525253,2.0,7.457627118644067,1
515,3.032950862243083,0.303030303030303,5.0,5.423728813559322,0
516,4.656785896338474,4.343434343434343,7.0,3.7288135593220337,2
517,8.420214863474172,6.96969696969697,1.0,1.0169491525423728,1
518,7.422936723957183,2.4242424242424243,8.0,1.3559322033898304,0
519,9.033018187414042,2.0202020202020203,10.0,1.8644067796610164,0
520,9.963788675906248,0.5050505050505051,9.0,5.932203389830508,0
521,1.0753753378280904,1.414141414141414,9.0,7.288135593220338,0
522,6.248881921268024,5.656565656565657,8.0,4.745762711864407,3
523,7.422936723957183,2.0202020202020203,2.0,2.711864406779661,1
524,5.465986361843942,1.414141414141414,9.0,1.5254237288135593,0
525,5.063910823002127,9.494949494949497,8.0,3.7288135593220337,3
526,3.7669875833149,3.5353535353535355,10.0,4.745762711864407,0
527,7.528492974137518,2.727272727272727,9.0,4.745762711864407,0
528,5.481952045242517,2.323232323232323,4.0,4.237288135593221,1
529,2.705654352572303,0.101010101010101,2.0,6.610169491525423,1
530,9.297702288094026,4.040404040404041,8.0,2.3728813559322037,3
531,8.45233858790263,3.2323232323232323,7.0,4.406779661016949,0
532,6.69159300972368,0.404040404040404,6.0,3.898305084745762,0
533,8.634164638896639,9.797979797979798,9.0,6.440677966101695,2
534,6.248881921268024,9.292929292929292,9.0,4.915254237288136,2
535,1.6753868792859687,7.171717171717171,5.0,7.627118644067797,2
536,8.64642743789253,1.616161616161616,8.0,1.1864406779661016,0
537,8.954055379762055,2.0202020202020203,9.0,3.0508474576271185,0
538,5.906821963394344,6.262626262626262,8.0,0.6779661016949152,3
539,6.69159300972368,3.7373737373737375,9.0,4.067796610169491,0
540,9.051292162388314,6.262626262626262,5.0,1.1864406779661016,1
541,2.344454810383465,0.303030303030303,4.0,6.440677966101695,1
542,3.5401498465947894,4.040404040404041,8.0,1.694915254237288,2
543,5.844450001442684,5.555555555555555,5.0,5.2542372881355925,3
544,4.48688601848557,2.6262626262626263,3.0,2.711864406779661,1
545,7.074865590105126,5.05050505050505,9.0,5.593220338983051,0
546,3.755253767805104,1.414141414141414,6.0,4.067796610169491,0
547,3.7669875833149,3.636363636363636,5.0,5.423728813559322,2
548,7.422936723957183,9.696969696969695,5.0,0.847457627118644,1
549,0.8264164735075454,5.151515151515151,9.0,3.7288135593220337,0
550,7.008694564935129,5.151515151515151,8.0,2.542372881355932,3
551,2.558548854029412,4.646464646464646,9.0,2.711864406779661,2
552,5.063910823002127,2.2222222222222223,7.0,0.6779661016949152,0
553,9.58734479143624,7.070707070707071,9.0,4.915254237288136,3
554,1.3398189914689396,9.8989898989899,10.0,4.576271186440677,2
555,10.0,9.797979797979798,10.0,4.237288135593221,3
556,5.862772065824784,9.494949494949497,10.0,7.288135593220338,2
557,3.666913525626846,9.797979797979798,10.0,2.0338983050847457,3
558,8.420214863474172,8.98989898989899,10.0,3.898305084745762,3
559,4.656785896338474,1.3131313131313131,10.0,5.423728813559322,0
560,0.8264164735075454,0.6060606060606061,10.0,5.932203389830508,0
561,8.659652025044965,6.666666666666667,9.0,5.2542372881355925,3
562,1.6879382147288242,7.878787878787879,1.0,7.288135593220338,1
563,8.954055379762055,5.05050505050505,8.0,6.440677966101695,3
564,5.611985804006811,7.878787878787879,8.0,3.220338983050847,3
565,7.813999788406608,8.98989898989899,9.0,4.406779661016949,3
566,5.611985804006811,5.959595959595959,8.0,4.237288135593221,3
567,5.027747588316199,8.080808080808081,9.0,0.847457627118644,3
568,2.6812249333961704,2.8282828282828283,11.0,3.898305084745762,0
569,5.705567791638216,3.4343434343434343,7.0,4.237288135593221,0
570,8.954055379762055,7.070707070707071,10.0,1.1864406779661016,3
571,0.8264164735075454,8.787878787878787,8.0,0.847457627118644,2
572,8.134371423350293,0.303030303030303,8.0,2.711864406779661,0
573,3.5401498465947894,8.080808080808081,9.0,2.3728813559322037,2
574,6.159435622709744,8.383838383838384,10.0,1.3559322033898304,3
575,9.963788675906248,1.414141414141414,9.0,1.8644067796610164,0
576,5.7905898646764085,1.414141414141414,10.0,4.915254237288136,0
577,7.806305483154282,2.929292929292929,9.0,3.0508474576271185,0
578,1.0381060467621406,3.939393939393939,8.0,1.694915254237288,0
579,3.253825512392641,9.595959595959595,12.0,6.779661016949153,2
580,10.0,8.787878787878787,12.0,2.542372881355932,3
581,5.862772065824784,1.9191919191919191,11.0,3.7288135593220337,0
582,0.0,4.848484848484849,11.0,1.3559322033898304,2
583,1.9474767487713165,7.777777777777778,3.0,2.88135593220339,1
584,5.063910823002127,8.787878787878787,6.0,4.406779661016949,3
585,6.954497802314065,8.787878787878787,9.0,6.9491525423728815,2
586,8.566743289123139,8.383838383838384,12.0,2.203389830508475,3
587,2.705654352572303,0.8080808080808081,10.0,6.271186440677966,0
588,8.45233858790263,2.121212121212121,12.0,2.711864406779661,0
589,8.45233858790263,6.96969696969697,10.0,3.898305084745762,3
590,2.241687745857098,0.202020202020202,9.0,5.762711864406779,0
591,0.7880892154694008,9.393939393939394,9.0,4.406779661016949,2
592,5.705567791638216,8.787878787878787,9.0,4.915254237288136,2
593,3.755253767805104,4.545454545454545,3.0,1.5254237288135593,1
594,8.420214863474172,6.8686868686868685,7.0,3.898305084745762,3
595,8.216989025997135,5.151515151515151,11.0,7.11864406779661,0
596,7.008694564935129,7.272727272727272,11.0,2.542372881355932,3
597,5.847960528214057,7.575757575757575,6.0,7.966101694915253,1
598,2.555374953112828,0.202020202020202,9.0,3.0508474576271185,0
599,5.906821963394344,7.575757575757575,10.0,5.2542372881355925,2
600,7.934319486789842,9.797979797979798,8.0,4.067796610169491,3
601,5.539322708780166,9.09090909090909,8.0,6.271186440677966,3
602,6.611476056283844,1.0101010101010102,8.0,4.745762711864407,0
603,3.7669875833149,1.818181818181818,6.0,3.7288135593220337,0
604,1.6879382147288242,2.0202020202020203,5.0,4.237288135593221,0
605,0.2324161080280458,1.1111111111111112,11.0,1.0169491525423728,0
606,9.297702288094026,4.343434343434343,8.0,2.88135593220339,3
607,4.656785896338474,1.616161616161616,9.0,6.440677966101695,0
608,4.552768507208604,3.636363636363636,10.0,5.2542372881355925,0
609,2.555374953112828,6.565656565656566,6.0,3.7288135593220337,2
610,5.027747588316199,7.878787878787879,4.0,5.593220338983051,1
611,5.539322708780166,5.555555555555555,10.0,1.694915254237288,3
612,3.755253767805104,2.929292929292929,11.0,5.2542372881355925,0
613,7.008694564935129,9.797979797979798,12.0,3.389830508474576,3
614,4.48688601848557,1.3131313131313131,9.0,6.9491525423728815,0
615,6.073307493291529,5.757575757575758,10.0,5.762711864406779,2
616,3.253825512392641,3.4343434343434343,8.0,1.1864406779661016,2
617,10.0,2.121212121212121,10.0,4.237288135593221,0
618,7.008694564935129,2.2222222222222223,10.0,3.5593220338983054,0
619,4.48688601848557,4.444444444444445,1.0,3.7288135593220337,1
620,2.3261327460013663,1.1111111111111112,11.0,4.237288135593221,0
621,2.6812249333961704,1.7171717171717171,3.0,1.5254237288135593,1
622,2.762447943216028,2.121212121212121,7.0,3.898305084745762,0
623,1.9474767487713165,4.040404040404041,10.0,7.966101694915253,0
624,2.708683985265406,7.373737373737374,11.0,4.237288135593221,2
625,2.555374953112828,3.0303030303030303,10.0,4.067796610169491,0
626,9.963788675906248,4.545454545454545,12.0,4.067796610169491,0
627,8.420214863474172,2.0202020202020203,12.0,4.237288135593221,0
628,8.491579544689488,9.292929292929292,12.0,4.576271186440677,3
629,6.073307493291529,9.696969696969695,9.0,3.898305084745762,2
630,7.813999788406608,9.595959595959595,10.0,3.7288135593220337,3
631,4.869773883604399,1.616161616161616,12.0,1.8644067796610164,0
632,3.032950862243083,8.080808080808081,9.0,4.067796610169491,2
633,5.906821963394344,8.585858585858587,10.0,5.932203389830508,2
634,2.3261327460013663,7.979797979797979,11.0,6.271186440677966,2
635,0.9166322025910576,1.1111111111111112,9.0,7.288135593220338,0
636,6.073307493291529,4.848484848484849,6.0,1.8644067796610164,3
637,2.344454810383465,3.333333333333333,6.0,7.457627118644067,2
638,9.526126975272428,1.414141414141414,11.0,7.796610169491525,0
639,9.051292162388314,1.414141414141414,8.0,2.0338983050847457,0
640,2.241687745857098,1.818181818181818,5.0,1.3559322033898304,1
641,5.465986361843942,6.363636363636363,11.0,4.406779661016949,2
642,1.9474767487713165,8.98989898989899,8.0,2.3728813559322037,2
643,7.806305483154282,4.141414141414141,8.0,2.542372881355932,3
644,5.539322708780166,7.171717171717171,7.0,4.915254237288136,3
645,6.14505688976946,9.696969696969695,12.0,2.711864406779661,3
646,5.582074192338397,4.141414141414141,10.0,4.915254237288136,0
647,5.847960528214057,4.343434343434343,5.0,4.067796610169491,3
648,8.482009752531908,4.141414141414141,8.0,4.237288135593221,3
649,9.051292162388314,2.6262626262626263,2.0,7.288135593220338,1
650,6.69159300972368,9.595959595959595,4.0,4.067796610169491,1
651,8.64642743789253,8.88888888888889,9.0,4.237288135593221,3
652,5.862772065824784,0.7070707070707071,4.0,6.101694915254236,1
653,3.7669875833149,8.383838383838384,8.0,0.6779661016949152,2
654,7.528492974137518,2.121212121212121,9.0,4.406779661016949,0
655,10.0,2.0202020202020203,3.0,8.135593220338983,1
656,9.033018187414042,1.818181818181818,4.0,1.3559322033898304,1
657,2.0653438873553718,5.858585858585858,12.0,6.779661016949153,2
658,0.7880892154694008,8.383838383838384,10.0,7.796610169491525,2
659,1.0526771373337311,6.8686868686868685,9.0,6.101694915254236,2
660,7.528492974137518,5.252525252525253,6.0,5.593220338983051,3
661,7.074865590105126,2.8282828282828283,5.0,7.288135593220338,1
662,0.7880892154694008,3.636363636363636,10.0,4.745762711864407,0
663,3.5130755099881705,6.363636363636363,7.0,1.1864406779661016,2
664,7.813999788406608,0.101010101010101,11.0,4.915254237288136,0
665,1.0753753378280904,9.8989898989899,1.0,3.0508474576271185,1
666,3.755253767805104,4.848484848484849,9.0,4.237288135593221,0
667,5.481952045242517,7.373737373737374,7.0,1.1864406779661016,1
668,5.10257470689506,4.747474747474747,8.0,1.3559322033898304,0
669,3.666913525626846,2.323232323232323,12.0,7.11864406779661,0
670,5.063910823002127,7.979797979797979,9.0,6.440677966101695,2
671,3.5130755099881705,0.101010101010101,9.0,2.3728813559322037,0
672,2.555374953112828,5.353535353535354,6.0,5.593220338983051,2
673,6.995421888374869,4.646464646464646,9.0,0.3389830508474576,3
674,9.297702288094026,0.303030303030303,1.0,4.915254237288136,1
675,10.0,9.8989898989899,5.0,7.288135593220338,1
676,1.6879382147288242,2.0202020202020203,9.0,7.288135593220338,0
677,3.755253767805104,1.2121212121212122,6.0,1.0169491525423728,0
678,6.69159300972368,8.98989898989899,5.0,5.084745762711864,3
679,4.869773883604399,1.2121212121212122,7.0,7.288135593220338,0
680,5.063910823002127,3.333333333333333,8.0,6.9491525423728815,0
681,7.074865590105126,6.565656565656566,3.0,2.542372881355932,1
682,1.6753868792859687,5.353535353535354,11.0,6.440677966101695,2
683,4.927144547142047,5.454545454545454,10.0,7.966101694915253,2
684,7.813999788406608,6.0606060606060606,8.0,2.542372881355932,3
685,8.216989025997135,2.2222222222222223,4.0,4.237288135593221,1
686,3.561645811893473,9.696969696969695,1.0,3.0508474576271185,1
687,5.862772065824784,6.8686868686868685,9.0,4.067796610169491,2
688,9.297702288094026,0.6060606060606061,6.0,7.627118644067797,1
689,4.330499264232062,1.1111111111111112,8.0,4.067796610169491,0
690,7.422936723957183,0.202020202020202,7.0,5.2542372881355925,0
691,4.330499264232062,8.181818181818182,1.0,2.0338983050847457,1
692,6.69159300972368,1.0101010101010102,6.0,4.067796610169491,0
693,2.3261327460013663,4.545454545454545,5.0,7.11864406779661,2
694,8.216989025997135,2.727272727272727,9.0,1.694915254237288,0
695,5.862772065824784,4.94949494949495,4.0,1.694915254237288,1
696,6.69159300972368,0.404040404040404,8.0,7.288135593220338,0
697,6.69159300972368,1.3131313131313131,8.0,6.101694915254236,0
698,0.9166322025910576,0.6060606060606061,9.0,8.135593220338983,0
699,3.253825512392641,5.05050505050505,12.0,5.084745762711864,2
700,5.862772065824784,6.161616161616162,8.0,7.627118644067797,2
701,10.0,8.686868686868687,9.0,6.440677966101695,2
702,6.746943918132594,9.8989898989899,4.0,4.915254237288136,1
703,5.3721639271734025,8.98989898989899,8.0,5.084745762711864,3
704,3.253825512392641,0.6060606060606061,11.0,2.0338983050847457,0
705,2.762447943216028,4.848484848484849,5.0,1.1864406779661016,1
706,5.611985804006811,8.686868686868687,9.0,4.576271186440677,2
707,5.093726255854887,5.353535353535354,1.0,4.576271186440677,1
708,7.074865590105126,2.929292929292929,7.0,0.847457627118644,0
709,4.330499264232062,4.848484848484849,4.0,6.610169491525423,1
710,9.451251767285738,6.96969696969697,7.0,4.745762711864407,3
711,8.954055379762055,0.202020202020202,2.0,6.610169491525423,1
712,2.0653438873553718,3.2323232323232323,6.0,3.0508474576271185,2
713,2.555374953112828,2.2222222222222223,8.0,3.7288135593220337,0
714,4.869773883604399,3.636363636363636,4.0,1.694915254237288,1
715,6.69159300972368,3.636363636363636,4.0,4.915254237288136,1
716,5.862772065824784,4.040404040404041,8.0,8.305084745762713,0
717,3.0310753753378283,7.171717171717171,1.0,1.1864406779661016,1
718,9.58734479143624,2.929292929292929,9.0,2.3728813559322037,0
719,2.6812249333961704,7.070707070707071,7.0,3.389830508474576,2
720,8.134371423350293,9.494949494949497,9.0,6.440677966101695,2
721,0.8264164735075454,7.979797979797979,11.0,2.711864406779661,2
722,5.063910823002127,8.585858585858587,8.0,4.915254237288136,3
723,8.491579544689488,9.8989898989899,1.0,4.237288135593221,1
724,8.659652025044965,7.272727272727272,3.0,3.7288135593220337,1
725,5.862772065824784,3.636363636363636,6.0,6.440677966101695,1
726,5.862772065824784,6.96969696969697,8.0,4.745762711864407,3
727,5.847960528214057,8.181818181818182,11.0,1.694915254237288,3
728,5.027747588316199,5.252525252525253,8.0,4.237288135593221,3
729,5.063910823002127,0.0,9.0,2.542372881355932,0
730,1.9474767487713165,3.5353535353535355,8.0,2.88135593220339,2
731,4.656785896338474,8.88888888888889,7.0,4.067796610169491,3
732,9.451251767285738,3.7373737373737375,6.0,7.288135593220338,1
733,6.746943918132594,6.666666666666667,6.0,6.610169491525423,1
734,5.611985804006811,3.0303030303030303,8.0,6.440677966101695,0
735,6.69159300972368,0.9090909090909092,12.0,8.135593220338983,0
736,3.755253767805104,2.727272727272727,9.0,6.610169491525423,0
737,3.7669875833149,9.393939393939394,9.0,0.3389830508474576,2
738,5.3721639271734025,2.323232323232323,10.0,4.067796610169491,0
739,8.804737768459121,3.636363636363636,8.0,1.3559322033898304,3
740,2.0653438873553718,6.262626262626262,4.0,3.0508474576271185,1
741,5.047223798486146,8.686868686868687,7.0,4.067796610169491,3
742,8.804737768459121,1.3131313131313131,10.0,4.406779661016949,0
743,5.906821963394344,3.131313131313131,8.0,1.3559322033898304,0
744,0.7880892154694008,5.454545454545454,10.0,6.9491525423728815,2
745,2.0653438873553718,4.94949494949495,9.0,0.6779661016949152,2
746,9.033018187414042,5.252525252525253,8.0,3.7288135593220337,3
747,2.50786261817972,2.8282828282828283,10.0,4.237288135593221,0
748,2.705654352572303,5.353535353535354,2.0,7.966101694915253,1
749,2.762447943216028,0.6060606060606061,12.0,6.610169491525423,0
750,4.48688601848557,7.070707070707071,5.0,0.6779661016949152,1
751,2.241687745857098,0.101010101010101,6.0,4.067796610169491,0
752,8.482009752531908,5.656565656565657,10.0,7.796610169491525,0
753,0.0,2.121212121212121,10.0,4.237288135593221,0
754,8.64642743789253,1.616161616161616,2.0,6.610169491525423,1
755,5.3721639271734025,3.333333333333333,11.0,0.5084745762711864,0
756,3.5401498465947894,5.555555555555555,11.0,5.084745762711864,2
757,5.047223798486146,10.0,11.0,1.1864406779661016,3
758,4.330499264232062,6.767676767676767,10.0,1.1864406779661016,3
759,9.58734479143624,5.05050505050505,3.0,5.2542372881355925,1
760,4.656785896338474,7.979797979797979,7.0,3.389830508474576,3
761,5.539322708780166,1.5151515151515151,10.0,5.2542372881355925,0
762,5.7905898646764085,8.98989898989899,8.0,6.440677966101695,3
763,5.539322708780166,2.525252525252525,8.0,4.406779661016949,0
764,1.0753753378280904,1.0101010101010102,10.0,1.694915254237288,0
765,6.14505688976946,0.303030303030303,11.0,6.9491525423728815,0
766,1.9474767487713165,9.8989898989899,10.0,3.220338983050847,2
767,3.666913525626846,8.787878787878787,2.0,4.745762711864407,1
768,0.8264164735075454,4.040404040404041,8.0,4.067796610169491,2
769,2.6812249333961704,1.9191919191919191,9.0,2.203389830508475,0
770,9.963788675906248,2.525252525252525,12.0,5.593220338983051,0
771,0.2860357977551864,6.767676767676767,7.0,4.237288135593221,2
772,1.0526771373337311,8.484848484848484,8.0,0.6779661016949152,2
773,8.431467784905697,1.5151515151515151,8.0,3.0508474576271185,0
774,8.634164638896639,2.121212121212121,7.0,6.779661016949153,0
775,1.6753868792859687,6.565656565656566,9.0,2.711864406779661,2
776,3.561645811893473,10.0,4.0,7.288135593220338,1
777,2.780770007598127,10.0,7.0,4.067796610169491,3
778,1.6753868792859687,8.181818181818182,10.0,3.898305084745762,2
779,3.5401498465947894,2.323232323232323,9.0,7.796610169491525,0
780,5.465986361843942,0.0,7.0,3.5593220338983054,0
781,5.047223798486146,6.96969696969697,4.0,4.067796610169491,1
782,5.862772065824784,9.09090909090909,9.0,0.847457627118644,3
783,5.10257470689506,7.373737373737374,11.0,5.593220338983051,2
784,5.10257470689506,1.5151515151515151,2.0,7.288135593220338,1
785,0.0,3.8383838383838382,7.0,3.898305084745762,2
786,6.14505688976946,0.6060606060606061,7.0,2.711864406779661,0
787,5.906821963394344,8.383838383838384,9.0,7.796610169491525,2
788,6.099035326478991,6.8686868686868685,9.0,0.847457627118644,3
789,5.906821963394344,7.6767676767676765,3.0,5.593220338983051,1
790,0.2860357977551864,0.202020202020202,7.0,5.593220338983051,0
791,5.7905898646764085,9.393939393939394,4.0,7.457627118644067,1
792,5.7905898646764085,6.363636363636363,6.0,6.440677966101695,1
793,6.611476056283844,9.494949494949497,9.0,0.5084745762711864,3
794,8.634164638896639,3.8383838383838382,2.0,2.3728813559322037,1
795,8.134371423350293,4.040404040404041,6.0,7.288135593220338,1
796,9.58734479143624,7.171717171717171,7.0,0.6779661016949152,1
797,3.253825512392641,8.080808080808081,10.0,4.406779661016949,2
798,4.869773883604399,2.929292929292929,8.0,5.2542372881355925,0
799,6.496782818616373,0.202020202020202,9.0,1.694915254237288,0
800,2.705654352572303,9.191919191919192,12.0,5.084745762711864,2
801,7.813999788406608,5.151515151515151,10.0,3.0508474576271185,3
802,1.6657209083127351,8.080808080808081,8.0,0.847457627118644,2
803,5.862772065824784,2.6262626262626263,1.0,3.7288135593220337,1
804,1.3398189914689396,9.595959595959595,3.0,2.203389830508475,1
805,2.241687745857098,1.616161616161616,9.0,2.88135593220339,0
806,8.659652025044965,2.121212121212121,1.0,6.271186440677966,1
807,7.074865590105126,8.787878787878787,8.0,3.389830508474576,3
808,7.343156396372137,6.161616161616162,10.0,3.898305084745762,3
809,8.659652025044965,1.2121212121212122,6.0,4.067796610169491,0
810,2.241687745857098,4.444444444444445,10.0,7.288135593220338,0
811,4.330499264232062,4.242424242424242,3.0,0.6779661016949152,1
812,1.6879382147288242,7.575757575757575,9.0,7.288135593220338,2
813,5.862772065824784,4.040404040404041,1.0,5.762711864406779,1
814,5.481952045242517,8.686868686868687,9.0,3.7288135593220337,2
815,2.50786261817972,2.4242424242424243,4.0,6.440677966101695,1
816,9.451251767285738,9.696969696969695,8.0,4.237288135593221,3
817,8.804737768459121,1.9191919191919191,10.0,6.610169491525423,0
818,6.248881921268024,4.94949494949495,6.0,4.745762711864407,3
819,2.241687745857098,7.878787878787879,12.0,3.0508474576271185,2
820,2.0653438873553718,3.131313131313131,9.0,0.847457627118644,0
821,10.0,2.121212121212121,8.0,5.423728813559322,0
822,5.10257470689506,0.6060606060606061,5.0,3.898305084745762,0
823,8.482009752531908,2.323232323232323,10.0,2.88135593220339,0
824,5.906821963394344,7.979797979797979,10.0,6.779661016949153,2
825,5.027747588316199,3.5353535353535355,11.0,4.237288135593221,0
826,5.481952045242517,9.8989898989899,8.0,7.11864406779661,2
827,6.248881921268024,6.161616161616162,9.0,5.084745762711864,0
828,4.552768507208604,4.94949494949495,9.0,5.2542372881355925,0
829,7.934319486789842,8.585858585858587,1.0,5.084745762711864,1
830,10.0,0.202020202020202,10.0,4.406779661016949,0
831,6.073307493291529,7.979797979797979,6.0,7.457627118644067,1
832,0.2860357977551864,9.494949494949497,4.0,2.542372881355932,1
833,0.9166322025910576,6.666666666666667,5.0,4.406779661016949,2
834,7.528492974137518,0.101010101010101,11.0,0.6779661016949152,0
835,0.8264164735075454,8.98989898989899,10.0,3.220338983050847,2
836,5.847960528214057,5.656565656565657,8.0,0.6779661016949152,3
837,2.705654352572303,1.616161616161616,7.0,5.932203389830508,0
838,4.330499264232062,5.959595959595959,7.0,8.135593220338983,2
839,5.906821963394344,0.404040404040404,9.0,1.5254237288135593,0
840,1.6879382147288242,7.070707070707071,2.0,1.0169491525423728,1
841,7.074865590105126,2.929292929292929,9.0,6.779661016949153,0
842,8.954055379762055,7.373737373737374,5.0,3.5593220338983054,3
843,2.0653438873553718,8.080808080808081,4.0,1.1864406779661016,1
844,6.69159300972368,4.545454545454545,8.0,2.3728813559322037,3
845,9.58734479143624,1.2121212121212122,1.0,7.796610169491525,1
846,9.451251767285738,7.6767676767676765,9.0,7.288135593220338,2
847,8.659652025044965,6.96969696969697,5.0,2.0338983050847457,1
848,1.0526771373337311,4.94949494949495,7.0,4.915254237288136,2
849,6.159435622709744,4.848484848484849,9.0,2.711864406779661,3
850,2.241687745857098,7.575757575757575,1.0,3.898305084745762,1
851,0.2324161080280458,0.0,8.0,7.11864406779661,0
852,5.611985804006811,9.797979797979798,12.0,5.084745762711864,2
853,7.074865590105126,0.7070707070707071,10.0,1.0169491525423728,0
854,0.4248218287440009,2.8282828282828283,11.0,7.288135593220338,0
855,6.248881921268024,9.292929292929292,5.0,1.694915254237288,1
856,0.4248218287440009,8.383838383838384,4.0,0.5084745762711864,1
857,9.526126975272428,3.8383838383838382,6.0,5.932203389830508,3
858,3.666913525626846,7.979797979797979,10.0,2.542372881355932,2
859,0.4248218287440009,7.474747474747475,10.0,0.6779661016949152,2
860,2.50786261817972,6.666666666666667,4.0,6.271186440677966,1
861,1.6657209083127351,3.333333333333333,12.0,2.203389830508475,2
862,6.746943918132594,7.171717171717171,4.0,6.440677966101695,1
863,0.2324161080280458,9.09090909090909,1.0,2.88135593220339,1
864,8.659652025044965,5.656565656565657,6.0,2.203389830508475,3
865,0.8264164735075454,4.444444444444445,7.0,8.135593220338983,2
866,8.954055379762055,2.0202020202020203,3.0,1.1864406779661016,1
867,1.3398189914689396,6.363636363636363,9.0,6.440677966101695,2
868,6.69159300972368,1.818181818181818,5.0,3.5593220338983054,0
869,4.869773883604399,1.7171717171717171,9.0,0.6779661016949152,0
870,0.2324161080280458,7.070707070707071,10.0,7.457627118644067,2
871,3.032950862243083,1.616161616161616,8.0,0.1694915254237288,0
872,8.134371423350293,4.343434343434343,9.0,0.5084745762711864,3
873,8.64642743789253,6.565656565656566,9.0,7.796610169491525,2
874,4.656785896338474,9.191919191919192,5.0,3.0508474576271185,1
875,4.552768507208604,1.2121212121212122,3.0,5.423728813559322,1
876,2.555374953112828,7.272727272727272,6.0,3.898305084745762,2
877,7.422936723957183,5.454545454545454,9.0,6.101694915254236,0
878,4.48688601848557,2.525252525252525,9.0,1.5254237288135593,0
879,5.906821963394344,9.797979797979798,3.0,4.406779661016949,1
880,1.0381060467621406,3.0303030303030303,10.0,2.542372881355932,0
881,5.027747588316199,6.363636363636363,7.0,2.88135593220339,3
882,8.659652025044965,4.444444444444445,8.0,6.101694915254236,3
883,5.7905898646764085,5.05050505050505,6.0,6.440677966101695,1
884,5.705567791638216,1.9191919191919191,8.0,6.610169491525423,0
885,6.099035326478991,6.363636363636363,6.0,2.711864406779661,3
886,8.64642743789253,4.848484848484849,9.0,6.610169491525423,0
887,7.934319486789842,4.747474747474747,9.0,0.3389830508474576,3
888,0.2844488472968944,9.393939393939394,8.0,1.5254237288135593,2
889,3.032950862243083,7.979797979797979,10.0,7.627118644067797,2
890,9.963788675906248,0.202020202020202,10.0,7.627118644067797,0
891,8.659652025044965,2.323232323232323,6.0,3.898305084745762,0
892,0.2324161080280458,2.6262626262626263,9.0,7.457627118644067,0
893,9.526126975272428,0.0,9.0,4.745762711864407,0
894,5.7905898646764085,4.94949494949495,9.0,5.084745762711864,0
895,2.708683985265406,1.414141414141414,9.0,4.237288135593221,0
896,5.539322708780166,2.929292929292929,9.0,0.6779661016949152,0
897,5.862772065824784,8.585858585858587,9.0,3.5593220338983054,2
898,8.482009752531908,4.444444444444445,9.0,7.796610169491525,0
899,8.659652025044965,9.191919191919192,7.0,4.915254237288136,3
900,2.50786261817972,7.979797979797979,9.0,5.2542372881355925,2
901,0.8264164735075454,9.393939393939394,7.0,0.847457627118644,2
902,6.746943918132594,4.848484848484849,7.0,0.1694915254237288,3
903,9.526126975272428,3.131313131313131,5.0,1.1864406779661016,1
904,0.7880892154694008,4.040404040404041,11.0,4.915254237288136,0
905,1.0526771373337311,3.333333333333333,6.0,2.88135593220339,2
906,3.7669875833149,0.6060606060606061,7.0,0.3389830508474576,0
907,3.032950862243083,2.0202020202020203,10.0,3.7288135593220337,0
908,6.248881921268024,10.0,6.0,7.627118644067797,1
909,5.093726255854887,3.4343434343434343,11.0,4.915254237288136,0
910,8.634164638896639,3.8383838383838382,8.0,7.966101694915253,0
911,2.780770007598127,2.727272727272727,11.0,10.0,0
912,7.813999788406608,5.656565656565657,5.0,4.067796610169491,3
913,2.344454810383465,8.282828282828282,10.0,5.423728813559322,2
914,8.954055379762055,9.696969696969695,9.0,4.067796610169491,3
915,1.0753753378280904,1.7171717171717171,7.0,3.389830508474576,0
916,8.659652025044965,5.454545454545454,9.0,3.7288135593220337,3
917,6.746943918132594,3.8383838383838382,4.0,5.762711864406779,1
918,7.074865590105126,6.96969696969697,1.0,6.9491525423728815,1
919,8.954055379762055,9.09090909090909,9.0,4.406779661016949,3
920,5.481952045242517,4.444444444444445,11.0,5.932203389830508,0
921,2.555374953112828,4.646464646464646,4.0,4.406779661016949,1
922,10.0,3.333333333333333,3.0,7.796610169491525,1
923,8.634164638896639,5.555555555555555,7.0,0.847457627118644,3
924,8.216989025997135,5.454545454545454,7.0,3.5593220338983054,3
925,1.6879382147288242,3.333333333333333,5.0,4.915254237288136,0
926,0.8264164735075454,2.2222222222222223,10.0,1.694915254237288,0
927,2.0653438873553718,6.4646464646464645,6.0,4.237288135593221,2
928,8.954055379762055,7.070707070707071,9.0,4.576271186440677,3
929,7.813999788406608,6.767676767676767,10.0,2.711864406779661,3
930,9.033018187414042,8.98989898989899,8.0,4.406779661016949,3
931,1.0753753378280904,1.7171717171717171,1.0,3.7288135593220337,1
932,9.58734479143624,7.878787878787879,8.0,3.220338983050847,3
933,10.0,3.131313131313131,11.0,3.0508474576271185,0
934,5.093726255854887,6.262626262626262,8.0,3.7288135593220337,3
935,6.611476056283844,5.151515151515151,7.0,1.1864406779661016,3
936,9.051292162388314,7.070707070707071,2.0,7.627118644067797,1
937,3.5130755099881705,10.0,5.0,2.203389830508475,1
938,8.804737768459121,5.05050505050505,9.0,5.423728813559322,0
939,2.50786261817972,5.959595959595959,6.0,3.7288135593220337,2
940,5.906821963394344,6.8686868686868685,9.0,4.237288135593221,2
941,2.558548854029412,8.585858585858587,9.0,6.101694915254236,2
942,9.526126975272428,8.181818181818182,7.0,1.0169491525423728,1
943,7.074865590105126,9.595959595959595,12.0,8.305084745762713,2
944,2.344454810383465,5.454545454545454,7.0,2.542372881355932,2
945,5.027747588316199,7.777777777777778,8.0,3.898305084745762,3
946,5.539322708780166,7.777777777777778,10.0,8.135593220338983,2
947,7.074865590105126,4.242424242424242,11.0,4.406779661016949,0
948,2.6812249333961704,2.8282828282828283,9.0,2.542372881355932,0
949,5.611985804006811,7.474747474747475,8.0,4.237288135593221,3
950,5.906821963394344,3.5353535353535355,7.0,4.915254237288136,0
951,8.482009752531908,9.8989898989899,11.0,4.745762711864407,3
952,1.3398189914689396,8.98989898989899,7.0,8.305084745762713,2
953,9.963788675906248,3.333333333333333,9.0,5.593220338983051,0
954,2.558548854029412,7.070707070707071,9.0,4.067796610169491,2
955,5.047223798486146,8.080808080808081,11.0,5.2542372881355925,2
956,4.927144547142047,9.8989898989899,6.0,1.0169491525423728,1
957,5.027747588316199,10.0,12.0,5.2542372881355925,2
958,6.099035326478991,4.343434343434343,10.0,4.915254237288136,0
959,4.48688601848557,2.0202020202020203,10.0,1.8644067796610164,0
960,4.48688601848557,2.525252525252525,10.0,4.576271186440677,0
961,5.3721639271734025,2.4242424242424243,2.0,1.1864406779661016,1
962,0.8264164735075454,4.242424242424242,9.0,4.237288135593221,0
963,8.420214863474172,2.525252525252525,7.0,1.694915254237288,0
964,2.50786261817972,8.98989898989899,8.0,5.762711864406779,3
965,8.634164638896639,8.181818181818182,8.0,8.135593220338983,2
966,3.253825512392641,6.363636363636363,3.0,7.11864406779661,1
967,2.708683985265406,2.727272727272727,7.0,5.762711864406779,0
968,8.804737768459121,7.171717171717171,7.0,6.440677966101695,3
969,2.6812249333961704,0.8080808080808081,10.0,2.203389830508475,0
970,6.995421888374869,4.343434343434343,5.0,6.101694915254236,1
971,8.954055379762055,4.141414141414141,4.0,0.5084745762711864,1
972,0.2860357977551864,3.333333333333333,9.0,4.067796610169491,0
973,6.746943918132594,4.545454545454545,6.0,3.7288135593220337,3
974,5.844450001442684,9.191919191919192,8.0,2.88135593220339,3
975,6.496782818616373,1.2121212121212122,7.0,0.6779661016949152,0
976,1.0753753378280904,3.4343434343434343,3.0,0.847457627118644,1
977,4.48688601848557,0.0,7.0,2.542372881355932,0
978,0.4248218287440009,0.101010101010101,2.0,4.915254237288136,1
979,4.656785896338474,4.242424242424242,8.0,3.5593220338983054,2
980,5.10257470689506,3.939393939393939,8.0,2.3728813559322037,0
981,8.64642743789253,0.7070707070707071,11.0,3.898305084745762,0
982,0.0,4.444444444444445,11.0,6.610169491525423,0
983,8.134371423350293,4.94949494949495,5.0,2.0338983050847457,1
984,8.659652025044965,6.262626262626262,9.0,2.88135593220339,3
985,0.2324161080280458,1.3131313131313131,3.0,4.237288135593221,1
986,7.008694564935129,8.787878787878787,9.0,4.745762711864407,2
987,0.7880892154694008,2.727272727272727,9.0,2.3728813559322037,0
988,6.496782818616373,4.94949494949495,7.0,4.745762711864407,3
989,10.0,9.8989898989899,8.0,4.237288135593221,3
990,10.0,3.4343434343434343,5.0,6.610169491525423,1
991,6.611476056283844,8.686868686868687,10.0,3.7288135593220337,2
992,8.45233858790263,1.0101010101010102,11.0,3.898305084745762,0
993,4.330499264232062,3.7373737373737375,5.0,0.1694915254237288,1
994,9.297702288094026,4.242424242424242,4.0,6.271186440677966,1
995,0.4248218287440009,5.05050505050505,6.0,4.745762711864407,2
996,9.526126975272428,0.9090909090909092,11.0,8.135593220338983,0
997,3.755253767805104,5.555555555555555,9.0,0.1694915254237288,3
998,9.297702288094026,4.444444444444445,10.0,6.779661016949153,0
999,7.813999788406608,9.191919191919192,12.0,4.576271186440677,3
1000,4.330499264232062,5.05050505050505,6.0,6.271186440677966,1
1001,0.0,9.09090909090909,10.0,1.694915254237288,2
1002,3.5401498465947894,4.444444444444445,9.0,4.576271186440677,0
1003,2.555374953112828,2.8282828282828283,10.0,5.423728813559322,0
1004,6.611476056283844,6.262626262626262,7.0,4.067796610169491,3
1005,6.099035326478991,1.3131313131313131,5.0,3.898305084745762,0
1006,5.465986361843942,3.7373737373737375,7.0,6.440677966101695,0
1007,5.10257470689506,0.404040404040404,8.0,1.1864406779661016,0
1008,3.5401498465947894,4.545454545454545,6.0,7.288135593220338,2
1009,5.906821963394344,3.5353535353535355,10.0,4.745762711864407,0
1010,9.963788675906248,0.101010101010101,5.0,4.237288135593221,0
1011,0.4248218287440009,7.070707070707071,5.0,2.711864406779661,2
1012,8.64642743789253,5.353535353535354,7.0,2.203389830508475,3
1013,7.528492974137518,7.272727272727272,5.0,4.237288135593221,3
1014,10.0,1.414141414141414,8.0,5.084745762711864,0
1015,10.0,8.080808080808081,5.0,1.1864406779661016,1
1016,6.073307493291529,5.656565656565657,4.0,6.101694915254236,1
1017,1.9474767487713165,8.080808080808081,8.0,7.288135593220338,2
1018,8.566743289123139,8.282828282828282,2.0,6.440677966101695,1
1019,6.954497802314065,6.96969696969697,10.0,7.966101694915253,2
1020,3.7669875833149,1.1111111111111112,7.0,2.0338983050847457,0
1021,4.869773883604399,5.959595959595959,11.0,1.5254237288135593,3
1022,2.708683985265406,3.4343434343434343,8.0,8.135593220338983,2
1023,8.491579544689488,0.5050505050505051,8.0,2.0338983050847457,0
1024,8.482009752531908,0.0,2.0,7.288135593220338,1
1025,2.344454810383465,5.454545454545454,8.0,2.542372881355932,2
1026,5.611985804006811,4.242424242424242,2.0,4.067796610169491,1
1027,1.0381060467621406,1.7171717171717171,3.0,3.7288135593220337,1
1028,9.451251767285738,4.141414141414141,12.0,4.576271186440677,0
1029,6.746943918132594,9.191919191919192,12.0,5.762711864406779,2
1030,5.844450001442684,3.7373737373737375,8.0,3.7288135593220337,3
1031,6.954497802314065,0.6060606060606061,6.0,0.5084745762711864,0
1032,1.6879382147288242,5.555555555555555,5.0,8.135593220338983,2
1033,1.6753868792859687,6.96969696969697,10.0,4.406779661016949,2
1034,5.7905898646764085,0.0,6.0,3.220338983050847,0
1035,4.552768507208604,0.303030303030303,7.0,5.593220338983051,0
1036,7.074865590105126,9.292929292929292,11.0,1.3559322033898304,3
1037,6.746943918132594,7.6767676767676765,2.0,0.3389830508474576,1
1038,0.0,3.636363636363636,11.0,7.11864406779661,0
1039,1.0381060467621406,8.98989898989899,8.0,2.88135593220339,2
1040,1.0526771373337311,3.5353535353535355,9.0,7.627118644067797,0
1041,2.6812249333961704,1.818181818181818,12.0,7.457627118644067,0
1042,8.954055379762055,7.777777777777778,8.0,0.847457627118644,3
1043,9.58734479143624,6.161616161616162,1.0,6.610169491525423,1
1044,10.0,0.8080808080808081,10.0,4.237288135593221,0
1045,3.561645811893473,0.303030303030303,9.0,3.898305084745762,0
1046,8.659652025044965,1.1111111111111112,9.0,7.11864406779661,0
1047,0.2324161080280458,2.6262626262626263,8.0,2.88135593220339,0
1048,4.656785896338474,7.878787878787879,8.0,6.9491525423728815,2
1049,9.526126975272428,3.0303030303030303,10.0,3.898305084745762,0
1050,5.047223798486146,6.8686868686868685,11.0,2.88135593220339,2
1051,3.5130755099881705,3.131313131313131,7.0,4.067796610169491,0
1052,9.58734479143624,0.6060606060606061,8.0,5.593220338983051,0
1053,1.0753753378280904,4.040404040404041,7.0,6.101694915254236,2
1054,6.995421888374869,5.959595959595959,2.0,3.7288135593220337,1
1055,5.027747588316199,0.404040404040404,6.0,0.847457627118644,0
1056,5.047223798486146,9.191919191919192,9.0,2.3728813559322037,3
1057,3.561645811893473,0.6060606060606061,10.0,2.203389830508475,0
1058,5.027747588316199,4.545454545454545,9.0,5.762711864406779,0
1059,6.159435622709744,1.616161616161616,8.0,4.237288135593221,0
1060,9.297702288094026,7.272727272727272,3.0,2.3728813559322037,1
1061,7.813999788406608,2.2222222222222223,2.0,6.440677966101695,1
1062,2.241687745857098,4.141414141414141,5.0,4.576271186440677,2
1063,8.216989025997135,0.9090909090909092,9.0,6.101694915254236,0
1064,8.634164638896639,5.252525252525253,5.0,4.406779661016949,3
1065,1.6753868792859687,0.6060606060606061,3.0,2.88135593220339,1
1066,5.847960528214057,8.080808080808081,6.0,4.915254237288136,3
1067,8.954055379762055,2.929292929292929,8.0,2.3728813559322037,3
1068,5.539322708780166,6.161616161616162,9.0,6.440677966101695,0
1069,4.927144547142047,4.444444444444445,9.0,5.593220338983051,0
1070,0.2860357977551864,1.616161616161616,9.0,0.3389830508474576,0
1071,5.582074192338397,5.151515151515151,10.0,8.305084745762713,2
1072,8.482009752531908,8.282828282828282,12.0,7.796610169491525,2
1073,8.954055379762055,6.363636363636363,6.0,4.237288135593221,3
1074,3.666913525626846,4.444444444444445,10.0,4.067796610169491,0
1075,2.6812249333961704,4.141414141414141,10.0,1.1864406779661016,2
1076,7.813999788406608,0.202020202020202,4.0,3.898305084745762,1
1077,6.073307493291529,3.333333333333333,8.0,3.7288135593220337,3
1078,1.9474767487713165,3.0303030303030303,7.0,0.847457627118644,2
1079,0.2844488472968944,8.181818181818182,7.0,2.542372881355932,2
1080,0.2844488472968944,1.414141414141414,12.0,4.406779661016949,0
1081,6.073307493291529,1.2121212121212122,8.0,4.237288135593221,0
1082,7.343156396372137,6.363636363636363,7.0,1.694915254237288,1
1083,5.063910823002127,0.9090909090909092,9.0,7.627118644067797,0
1084,9.051292162388314,0.404040404040404,10.0,0.0,0
1085,8.431467784905697,9.8989898989899,3.0,1.3559322033898304,1
1086,6.69159300972368,1.3131313131313131,6.0,1.1864406779661016,0
1087,7.074865590105126,5.959595959595959,11.0,6.101694915254236,2
1088,0.2860357977551864,6.262626262626262,8.0,4.745762711864407,2
1089,6.69159300972368,10.0,7.0,6.779661016949153,3
1090,9.451251767285738,7.070707070707071,5.0,5.593220338983051,3
1091,0.0,3.939393939393939,11.0,6.9491525423728815,0
1092,5.3721639271734025,5.555555555555555,8.0,2.88135593220339,3
1093,2.780770007598127,5.959595959595959,4.0,6.271186440677966,1
1094,9.963788675906248,8.181818181818182,9.0,6.271186440677966,2
1095,5.047223798486146,7.777777777777778,5.0,1.1864406779661016,1
1096,6.995421888374869,9.393939393939394,10.0,1.694915254237288,3
1097,7.528492974137518,3.131313131313131,5.0,3.898305084745762,3
1098,2.705654352572303,4.444444444444445,6.0,7.966101694915253,2
1099,6.995421888374869,7.6767676767676765,8.0,3.389830508474576,3
1100,6.69159300972368,3.2323232323232323,9.0,4.576271186440677,0
1101,6.954497802314065,2.323232323232323,8.0,5.593220338983051,0
1102,1.6879382147288242,2.121212121212121,9.0,4.406779661016949,0
1103,6.69159300972368,1.5151515151515151,8.0,4.406779661016949,0
1104,5.093726255854887,3.4343434343434343,12.0,3.5593220338983054,0
1105,2.241687745857098,3.636363636363636,3.0,4.067796610169491,1
1106,5.027747588316199,4.94949494949495,5.0,7.11864406779661,1
1107,9.033018187414042,2.6262626262626263,7.0,2.711864406779661,3
1108,5.047223798486146,3.8383838383838382,3.0,2.711864406779661,1
1109,2.50786261817972,8.383838383838384,10.0,5.423728813559322,2
1110,8.954055379762055,3.8383838383838382,9.0,6.610169491525423,0
1111,0.2844488472968944,6.565656565656566,3.0,3.898305084745762,1
1112,7.008694564935129,4.545454545454545,9.0,4.237288135593221,0
1113,3.5401498465947894,1.9191919191919191,8.0,7.966101694915253,0
1114,5.906821963394344,2.6262626262626263,9.0,5.2542372881355925,0
1115,6.954497802314065,3.636363636363636,8.0,4.745762711864407,3
1116,4.656785896338474,1.2121212121212122,11.0,4.745762711864407,0
1117,2.3261327460013663,6.4646464646464645,7.0,1.694915254237288,2
1118,7.074865590105126,3.4343434343434343,4.0,5.084745762711864,1
1119,8.134371423350293,6.767676767676767,6.0,3.5593220338983054,3
1120,2.241687745857098,1.616161616161616,6.0,6.440677966101695,1
1121,8.954055379762055,9.696969696969695,9.0,4.745762711864407,3
1122,2.762447943216028,3.0303030303030303,9.0,3.389830508474576,0
1123,4.869773883604399,6.0606060606060606,12.0,3.898305084745762,2
1124,8.64642743789253,2.0202020202020203,5.0,0.6779661016949152,1
1125,5.7905898646764085,8.585858585858587,3.0,1.1864406779661016,1
1126,3.032950862243083,6.767676767676767,10.0,5.932203389830508,2
1127,7.343156396372137,6.262626262626262,7.0,7.796610169491525,1
1128,5.611985804006811,7.272727272727272,10.0,6.610169491525423,2
1129,6.69159300972368,3.636363636363636,7.0,5.593220338983051,0
1130,6.954497802314065,7.272727272727272,8.0,2.3728813559322037,1
1131,6.248881921268024,1.1111111111111112,7.0,4.237288135593221,0
1132,6.69159300972368,8.484848484848484,9.0,1.3559322033898304,3
1133,6.746943918132594,2.525252525252525,9.0,0.3389830508474576,0
1134,3.561645811893473,2.525252525252525,1.0,2.88135593220339,1
1135,8.954055379762055,8.88888888888889,4.0,7.966101694915253,1
1136,5.481952045242517,9.8989898989899,9.0,2.711864406779661,3
1137,7.422936723957183,3.7373737373737375,3.0,1.3559322033898304,1
1138,5.047223798486146,8.686868686868687,2.0,7.288135593220338,1
1139,3.0310753753378283,6.767676767676767,6.0,7.796610169491525,2
1140,1.0526771373337311,9.595959595959595,11.0,1.0169491525423728,2
1141,3.032950862243083,5.353535353535354,8.0,1.694915254237288,2
1142,3.5130755099881705,5.454545454545454,5.0,7.796610169491525,2
1143,2.0653438873553718,4.545454545454545,2.0,7.457627118644067,1
1144,1.0381060467621406,2.0202020202020203,1.0,4.745762711864407,1
1145,6.954497802314065,2.121212121212121,10.0,3.5593220338983054,0
1146,8.634164638896639,5.959595959595959,1.0,2.0338983050847457,1
1147,7.422936723957183,5.252525252525253,3.0,1.0169491525423728,1
1148,8.420214863474172,5.353535353535354,6.0,6.440677966101695,1
1149,8.45233858790263,9.09090909090909,3.0,0.847457627118644,1
1150,8.804737768459121,8.181818181818182,6.0,4.915254237288136,3
1151,6.496782818616373,7.272727272727272,8.0,4.406779661016949,3
1152,9.033018187414042,6.767676767676767,10.0,3.0508474576271185,3
1153,9.526126975272428,6.767676767676767,2.0,2.711864406779661,1
1154,3.032950862243083,8.383838383838384,6.0,7.457627118644067,2
1155,4.552768507208604,7.878787878787879,10.0,6.779661016949153,2
1156,9.297702288094026,7.474747474747475,6.0,0.5084745762711864,1
1157,3.0310753753378283,8.88888888888889,4.0,4.067796610169491,1
1158,8.431467784905697,8.88888888888889,5.0,2.0338983050847457,1
1159,6.995421888374869,5.959595959595959,10.0,2.3728813559322037,3
1160,0.8264164735075454,8.787878787878787,10.0,3.898305084745762,2
1161,10.0,1.616161616161616,10.0,5.932203389830508,0
1162,2.555374953112828,0.9090909090909092,8.0,1.8644067796610164,0
1163,6.248881921268024,1.9191919191919191,6.0,0.3389830508474576,0
1164,6.14505688976946,8.787878787878787,4.0,7.457627118644067,1
1165,3.7669875833149,6.4646464646464645,7.0,2.711864406779661,3
1166,5.611985804006811,9.292929292929292,4.0,4.745762711864407,1
1167,0.2860357977551864,8.181818181818182,8.0,6.440677966101695,2
1168,5.906821963394344,3.131313131313131,5.0,1.8644067796610164,1
1169,3.5401498465947894,1.414141414141414,7.0,0.6779661016949152,0
1170,4.927144547142047,0.202020202020202,12.0,4.067796610169491,0
1171,0.9166322025910576,1.9191919191919191,3.0,8.135593220338983,1
1172,6.995421888374869,3.7373737373737375,6.0,2.0338983050847457,3
1173,2.241687745857098,1.3131313131313131,3.0,2.203389830508475,1
1174,5.705567791638216,9.494949494949497,11.0,6.101694915254236,2
1175,8.420214863474172,1.414141414141414,5.0,1.3559322033898304,1
1176,7.528492974137518,4.242424242424242,7.0,0.847457627118644,3
1177,5.027747588316199,5.252525252525253,7.0,5.593220338983051,3
1178,3.5401498465947894,4.848484848484849,8.0,4.745762711864407,2
1179,2.558548854029412,6.8686868686868685,7.0,1.1864406779661016,2
1180,0.4248218287440009,1.3131313131313131,6.0,7.11864406779661,1
1181,4.869773883604399,8.98989898989899,6.0,3.898305084745762,3
1182,2.0653438873553718,8.282828282828282,8.0,7.288135593220338,2
1183,5.047223798486146,7.373737373737374,1.0,3.5593220338983054,1
1184,2.6812249333961704,8.98989898989899,8.0,0.5084745762711864,2
1185,5.539322708780166,0.202020202020202,9.0,2.88135593220339,0
1186,6.995421888374869,9.292929292929292,7.0,1.1864406779661016,3
1187,6.995421888374869,9.8989898989899,5.0,1.694915254237288,1
1188,8.659652025044965,2.121212121212121,8.0,4.406779661016949,0
1189,2.780770007598127,1.1111111111111112,7.0,4.745762711864407,0
1190,3.561645811893473,3.131313131313131,9.0,3.7288135593220337,0
1191,7.813999788406608,6.666666666666667,10.0,1.8644067796610164,3
1192,6.073307493291529,0.6060606060606061,10.0,0.5084745762711864,0
1193,8.659652025044965,2.727272727272727,11.0,5.423728813559322,0
1194,4.48688601848557,1.616161616161616,10.0,6.101694915254236,0
1195,2.762447943216028,8.787878787878787,9.0,4.067796610169491,2
1196,5.906821963394344,3.8383838383838382,8.0,5.932203389830508,0
1197,5.10257470689506,9.696969696969695,8.0,7.966101694915253,2
1198,7.343156396372137,9.696969696969695,2.0,6.440677966101695,1
1199,7.528492974137518,5.555555555555555,10.0,0.1694915254237288,3
1200,8.659652025044965,6.0606060606060606,9.0,4.237288135593221,3
1201,10.0,9.393939393939394,2.0,4.067796610169491,1
1202,0.2844488472968944,8.787878787878787,10.0,3.898305084745762,2
1203,7.813999788406608,5.05050505050505,9.0,5.932203389830508,0
1204,10.0,0.202020202020202,9.0,4.406779661016949,0
1205,7.008694564935129,2.2222222222222223,9.0,0.847457627118644,0
1206,8.566743289123139,7.575757575757575,4.0,4.745762711864407,1
1207,3.666913525626846,9.494949494949497,2.0,0.5084745762711864,1
1208,5.906821963394344,4.040404040404041,10.0,6.779661016949153,0
1209,1.3398189914689396,1.818181818181818,9.0,2.88135593220339,0
1210,8.420214863474172,2.929292929292929,8.0,7.288135593220338,0
1211,8.566743289123139,0.6060606060606061,8.0,4.067796610169491,0
1212,5.906821963394344,3.8383838383838382,8.0,4.067796610169491,3
1213,1.6879382147288242,1.1111111111111112,7.0,4.237288135593221,0
1214,8.45233858790263,6.666666666666667,9.0,0.847457627118644,3
1215,0.7880892154694008,5.151515151515151,6.0,1.1864406779661016,2
1216,0.2860357977551864,7.474747474747475,9.0,1.3559322033898304,2
1217,5.10257470689506,2.525252525252525,1.0,2.88135593220339,1
1218,3.755253767805104,5.353535353535354,12.0,5.932203389830508,2
1219,8.431467784905697,8.080808080808081,3.0,2.542372881355932,1
1220,8.216989025997135,5.252525252525253,11.0,1.5254237288135593,3
1221,6.248881921268024,5.959595959595959,10.0,0.6779661016949152,3
1222,2.3261327460013663,9.595959595959595,8.0,5.762711864406779,3
1223,9.526126975272428,3.8383838383838382,9.0,4.406779661016949,0
1224,2.705654352572303,9.494949494949497,9.0,0.6779661016949152,2
1225,9.033018187414042,6.767676767676767,1.0,1.0169491525423728,1
1226,5.862772065824784,3.7373737373737375,8.0,1.1864406779661016,0
1227,7.074865590105126,0.7070707070707071,4.0,1.5254237288135593,1
1228,3.032950862243083,0.7070707070707071,8.0,7.288135593220338,0
1229,2.241687745857098,3.7373737373737375,8.0,1.694915254237288,2
1230,8.45233858790263,1.5151515151515151,7.0,5.2542372881355925,0
1231,5.10257470689506,9.09090909090909,9.0,4.406779661016949,2
1232,8.482009752531908,0.404040404040404,12.0,7.457627118644067,0
1233,0.4248218287440009,2.4242424242424243,7.0,7.288135593220338,1
1234,8.659652025044965,0.0,10.0,2.88135593220339,0
1235,6.073307493291529,4.242424242424242,7.0,2.0338983050847457,3
1236,1.0381060467621406,7.6767676767676765,4.0,2.711864406779661,1
1237,3.0310753753378283,6.4646464646464645,8.0,3.7288135593220337,2
1238,9.451251767285738,7.777777777777778,8.0,4.067796610169491,3
1239,7.934319486789842,7.474747474747475,9.0,8.305084745762713,2
1240,5.063910823002127,6.4646464646464645,9.0,5.932203389830508,0
1241,8.804737768459121,9.696969696969695,12.0,1.3559322033898304,3
1242,2.3261327460013663,4.747474747474747,10.0,7.627118644067797,0
1243,2.705654352572303,7.575757575757575,2.0,1.5254237288135593,1
1244,1.6753868792859687,4.94949494949495,10.0,2.542372881355932,2
1245,9.963788675906248,2.323232323232323,8.0,6.9491525423728815,0
1246,8.134371423350293,3.0303030303030303,11.0,2.711864406779661,0
1247,6.611476056283844,4.343434343434343,11.0,4.067796610169491,0
1248,2.558548854029412,7.171717171717171,11.0,4.915254237288136,2
1249,2.241687745857098,7.878787878787879,9.0,4.745762711864407,2
1250,3.666913525626846,2.727272727272727,10.0,3.7288135593220337,0
1251,9.033018187414042,5.151515151515151,2.0,5.932203389830508,1
1252,9.033018187414042,9.696969696969695,7.0,4.067796610169491,3
1253,6.496782818616373,7.777777777777778,7.0,1.3559322033898304,1
1254,4.330499264232062,3.131313131313131,10.0,7.11864406779661,0
1255,7.008694564935129,3.5353535353535355,11.0,5.423728813559322,0
1256,8.491579544689488,3.7373737373737375,10.0,6.779661016949153,0
1257,3.755253767805104,6.767676767676767,7.0,6.101694915254236,2
1258,8.45233858790263,1.616161616161616,9.0,1.3559322033898304,0
1259,4.552768507208604,3.8383838383838382,2.0,3.7288135593220337,1
1260,0.2844488472968944,10.0,4.0,5.084745762711864,1
1261,0.2860357977551864,3.2323232323232323,6.0,4.915254237288136,2
1262,6.159435622709744,8.080808080808081,8.0,1.0169491525423728,3
1263,5.582074192338397,8.484848484848484,3.0,4.915254237288136,1
1264,5.847960528214057,5.858585858585858,11.0,6.9491525423728815,2
1265,9.526126975272428,9.797979797979798,10.0,4.745762711864407,3
1266,5.705567791638216,7.070707070707071,12.0,7.966101694915253,2
1267,7.806305483154282,3.0303030303030303,4.0,3.898305084745762,1
1268,1.0526771373337311,4.747474747474747,11.0,3.898305084745762,0
1269,5.465986361843942,4.848484848484849,9.0,6.440677966101695,0
1270,0.0,7.6767676767676765,8.0,2.711864406779661,2
1271,0.2844488472968944,1.9191919191919191,2.0,3.7288135593220337,1
1272,2.558548854029412,5.151515151515151,2.0,2.88135593220339,1
1273,5.7905898646764085,6.161616161616162,10.0,1.8644067796610164,3
1274,2.705654352572303,10.0,7.0,2.88135593220339,3
1275,10.0,9.393939393939394,5.0,7.796610169491525,1
1276,9.033018187414042,2.525252525252525,9.0,0.6779661016949152,0
1277,8.64642743789253,2.525252525252525,2.0,0.3389830508474576,1
1278,8.659652025044965,7.575757575757575,4.0,0.3389830508474576,1
1279,9.451251767285738,9.09090909090909,10.0,4.237288135593221,3
1280,2.708683985265406,4.141414141414141,8.0,7.966101694915253,2
1281,6.611476056283844,4.747474747474747,9.0,3.389830508474576,0
1282,2.555374953112828,1.1111111111111112,6.0,1.0169491525423728,0
1283,0.2844488472968944,2.323232323232323,9.0,4.576271186440677,0
1284,3.253825512392641,1.9191919191919191,7.0,4.406779661016949,0
1285,10.0,2.727272727272727,12.0,5.2542372881355925,0
1286,6.496782818616373,4.141414141414141,10.0,4.406779661016949,0
1287,9.58734479143624,6.96969696969697,1.0,5.423728813559322,1
1288,1.6657209083127351,9.595959595959595,5.0,1.0169491525423728,1
1289,8.134371423350293,7.373737373737374,9.0,2.88135593220339,3
1290,6.073307493291529,0.202020202020202,8.0,5.084745762711864,0
1291,5.3721639271734025,5.353535353535354,5.0,6.9491525423728815,1
1292,3.561645811893473,1.0101010101010102,8.0,5.084745762711864,0
1293,8.482009752531908,6.8686868686868685,7.0,3.7288135593220337,3
1294,0.4248218287440009,1.3131313131313131,9.0,4.915254237288136,0
1295,0.7880892154694008,9.696969696969695,8.0,3.7288135593220337,2
1296,7.343156396372137,3.8383838383838382,8.0,4.067796610169491,3
1297,1.0526771373337311,3.2323232323232323,1.0,2.711864406779661,1
1298,6.611476056283844,7.777777777777778,7.0,4.745762711864407,3
1299,5.847960528214057,9.797979797979798,3.0,1.0169491525423728,1
1300,0.8264164735075454,2.0202020202020203,7.0,4.915254237288136,0
1301,0.2324161080280458,1.1111111111111112,8.0,1.1864406779661016,0
1302,7.343156396372137,8.88888888888889,4.0,5.593220338983051,1
1303,4.552768507208604,2.2222222222222223,11.0,6.440677966101695,0
1304,5.027747588316199,5.757575757575758,8.0,2.203389830508475,3
1305,8.45233858790263,1.1111111111111112,10.0,7.288135593220338,0
1306,5.862772065824784,3.5353535353535355,1.0,4.237288135593221,1
1307,9.451251767285738,2.2222222222222223,10.0,0.5084745762711864,0
1308,1.3398189914689396,9.696969696969695,11.0,7.627118644067797,2
1309,8.45233858790263,3.8383838383838382,12.0,3.389830508474576,0
1310,0.2324161080280458,7.171717171717171,3.0,4.237288135593221,1
1311,3.755253767805104,5.656565656565657,1.0,6.101694915254236,1
1312,4.552768507208604,9.595959595959595,10.0,8.305084745762713,2
1313,1.0753753378280904,9.393939393939394,1.0,3.898305084745762,1
1314,9.963788675906248,3.939393939393939,10.0,2.203389830508475,0
1315,5.582074192338397,5.454545454545454,8.0,2.711864406779661,3
1316,9.297702288094026,3.939393939393939,5.0,6.440677966101695,1
1317,3.0310753753378283,3.7373737373737375,8.0,0.847457627118644,2
1318,6.099035326478991,1.9191919191919191,9.0,7.796610169491525,0
1319,3.5401498465947894,6.363636363636363,9.0,4.576271186440677,2
1320,8.420214863474172,6.96969696969697,9.0,4.406779661016949,3
1321,8.482009752531908,5.757575757575758,9.0,2.542372881355932,3
1322,5.862772065824784,7.373737373737374,11.0,2.711864406779661,2
1323,0.0,2.8282828282828283,10.0,1.1864406779661016,0
1324,6.248881921268024,5.353535353535354,3.0,3.898305084745762,1
1325,7.528492974137518,3.939393939393939,10.0,6.610169491525423,0
1326,9.033018187414042,4.141414141414141,9.0,4.745762711864407,0
1327,3.755253767805104,7.070707070707071,4.0,7.966101694915253,1
1328,5.906821963394344,8.98989898989899,10.0,2.711864406779661,3
1329,9.451251767285738,4.747474747474747,11.0,7.627118644067797,0
1330,8.431467784905697,2.727272727272727,3.0,3.7288135593220337,1
1331,1.0526771373337311,7.777777777777778,10.0,4.067796610169491,2
1332,5.093726255854887,6.96969696969697,6.0,6.440677966101695,1
1333,8.659652025044965,7.272727272727272,9.0,2.711864406779661,3
1334,7.934319486789842,2.323232323232323,12.0,4.576271186440677,0
1335,8.431467784905697,1.9191919191919191,6.0,4.576271186440677,0
1336,6.69159300972368,6.565656565656566,7.0,7.457627118644067,1
1337,1.0753753378280904,3.7373737373737375,12.0,6.779661016949153,0
1338,8.804737768459121,3.333333333333333,12.0,1.694915254237288,0
1339,2.558548854029412,3.8383838383838382,2.0,0.847457627118644,1
1340,10.0,7.979797979797979,7.0,4.067796610169491,3
1341,6.69159300972368,1.616161616161616,9.0,8.135593220338983,0
1342,1.0526771373337311,9.8989898989899,12.0,3.898305084745762,2
1343,2.50786261817972,7.6767676767676765,9.0,4.915254237288136,2
1344,6.14505688976946,7.070707070707071,5.0,2.0338983050847457,1
1345,3.5130755099881705,9.696969696969695,2.0,4.406779661016949,1
1346,0.9166322025910576,0.9090909090909092,4.0,4.406779661016949,1
1347,6.995421888374869,3.333333333333333,9.0,1.8644067796610164,0
1348,3.5130755099881705,8.282828282828282,6.0,4.915254237288136,3
1349,3.253825512392641,3.8383838383838382,12.0,7.627118644067797,0
1350,8.216989025997135,6.666666666666667,10.0,6.9491525423728815,2
1351,8.634164638896639,7.979797979797979,11.0,3.898305084745762,3
1352,6.496782818616373,1.5151515151515151,6.0,6.9491525423728815,1
1353,6.995421888374869,7.171717171717171,7.0,1.0169491525423728,1
1354,6.611476056283844,4.545454545454545,2.0,2.711864406779661,1
1355,6.995421888374869,8.181818181818182,12.0,4.576271186440677,2
1356,3.0310753753378283,0.303030303030303,10.0,5.2542372881355925,0
1357,4.869773883604399,5.252525252525253,10.0,7.627118644067797,2
1358,1.0526771373337311,6.96969696969697,7.0,0.847457627118644,2
1359,4.869773883604399,2.0202020202020203,7.0,5.423728813559322,0
1360,0.2860357977551864,6.363636363636363,8.0,4.067796610169491,2
1361,6.14505688976946,4.242424242424242,8.0,0.1694915254237288,0
1362,6.248881921268024,1.1111111111111112,3.0,2.0338983050847457,1
1363,8.420214863474172,8.484848484848484,8.0,3.220338983050847,3
1364,5.844450001442684,8.686868686868687,10.0,4.067796610169491,2
1365,9.58734479143624,9.292929292929292,8.0,6.9491525423728815,2
1366,6.995421888374869,7.6767676767676765,9.0,6.9491525423728815,2
1367,3.5401498465947894,3.5353535353535355,11.0,6.779661016949153,0
1368,7.074865590105126,5.151515151515151,7.0,4.237288135593221,3
1369,2.708683985265406,8.484848484848484,10.0,7.627118644067797,2
1370,2.344454810383465,7.373737373737374,4.0,1.0169491525423728,1
1371,2.762447943216028,4.94949494949495,5.0,4.745762711864407,2
1372,4.869773883604399,7.878787878787879,2.0,4.576271186440677,1
1373,8.634164638896639,6.262626262626262,8.0,5.2542372881355925,3
1374,2.762447943216028,4.747474747474747,9.0,6.9491525423728815,0
1375,4.552768507208604,6.262626262626262,12.0,5.2542372881355925,2
1376,0.2844488472968944,6.666666666666667,9.0,4.237288135593221,2
1377,0.8264164735075454,2.0202020202020203,9.0,7.966101694915253,0
1378,3.7669875833149,0.7070707070707071,7.0,1.8644067796610164,0
1379,5.093726255854887,8.282828282828282,3.0,4.915254237288136,1
1380,7.934319486789842,6.262626262626262,10.0,0.6779661016949152,3
1381,5.906821963394344,0.303030303030303,10.0,3.220338983050847,0
1382,4.552768507208604,7.979797979797979,10.0,7.966101694915253,2
1383,0.4248218287440009,9.8989898989899,5.0,1.694915254237288,1
1384,8.804737768459121,0.303030303030303,10.0,2.711864406779661,0
1385,2.558548854029412,5.252525252525253,3.0,5.593220338983051,1
1386,4.656785896338474,7.272727272727272,9.0,1.694915254237288,3
1387,5.481952045242517,1.7171717171717171,3.0,3.220338983050847,1
1388,7.008694564935129,9.09090909090909,11.0,6.779661016949153,2
1389,5.3721639271734025,8.686868686868687,6.0,2.203389830508475,1
1390,9.033018187414042,2.0202020202020203,9.0,4.406779661016949,0
1391,9.58734479143624,8.686868686868687,11.0,7.627118644067797,2
1392,6.954497802314065,4.747474747474747,8.0,6.9491525423728815,0
1393,8.491579544689488,2.727272727272727,3.0,6.779661016949153,1
1394,6.69159300972368,4.747474747474747,10.0,4.067796610169491,0
1395,2.708683985265406,4.94949494949495,7.0,1.1864406779661016,2
1396,9.297702288094026,4.040404040404041,7.0,2.0338983050847457,3
1397,2.6812249333961704,6.4646464646464645,3.0,5.2542372881355925,1
1398,4.552768507208604,5.454545454545454,6.0,4.576271186440677,3
1399,5.093726255854887,2.6262626262626263,10.0,5.2542372881355925,0
1400,8.954055379762055,2.0202020202020203,9.0,6.101694915254236,0
1401,5.027747588316199,6.161616161616162,6.0,6.9491525423728815,1
1402,6.073307493291529,2.2222222222222223,12.0,7.627118644067797,0
1403,6.496782818616373,7.272727272727272,7.0,1.5254237288135593,1
1404,5.611985804006811,1.9191919191919191,2.0,4.745762711864407,1
1405,3.0310753753378283,8.88888888888889,4.0,7.457627118644067,1
1406,3.0310753753378283,6.96969696969697,8.0,4.576271186440677,2
1407,7.934319486789842,2.727272727272727,9.0,2.88135593220339,0
1408,7.343156396372137,4.747474747474747,8.0,1.694915254237288,3
1409,9.451251767285738,7.070707070707071,8.0,4.406779661016949,3
1410,1.6753868792859687,4.646464646464646,10.0,4.237288135593221,0
1411,2.344454810383465,9.191919191919192,9.0,6.9491525423728815,2
1412,6.746943918132594,8.282828282828282,7.0,3.898305084745762,3
1413,6.496782818616373,1.9191919191919191,1.0,5.593220338983051,1
1414,4.869773883604399,7.979797979797979,10.0,6.9491525423728815,2
1415,5.7905898646764085,8.585858585858587,7.0,2.711864406779661,1
1416,5.7905898646764085,5.757575757575758,8.0,3.5593220338983054,3
1417,2.762447943216028,9.09090909090909,12.0,4.237288135593221,2
1418,7.343156396372137,6.4646464646464645,4.0,7.11864406779661,1
1419,8.804737768459121,8.282828282828282,9.0,7.796610169491525,2
1420,2.708683985265406,3.8383838383838382,7.0,1.3559322033898304,2
1421,0.0,2.2222222222222223,11.0,4.237288135593221,0
1422,5.3721639271734025,7.575757575757575,3.0,0.5084745762711864,1
1423,8.134371423350293,6.8686868686868685,5.0,1.1864406779661016,1
1424,9.58734479143624,7.373737373737374,4.0,4.406779661016949,1
1425,2.555374953112828,2.929292929292929,7.0,7.627118644067797,2
1426,7.528492974137518,2.0202020202020203,10.0,6.779661016949153,0
1427,8.482009752531908,5.454545454545454,8.0,2.3728813559322037,3
1428,9.451251767285738,7.878787878787879,5.0,4.745762711864407,3
1429,7.934319486789842,4.545454545454545,6.0,0.5084745762711864,3
1430,5.906821963394344,4.444444444444445,7.0,4.406779661016949,3
1431,2.344454810383465,3.8383838383838382,4.0,0.6779661016949152,1
1432,9.963788675906248,4.646464646464646,8.0,4.237288135593221,3
1433,6.073307493291529,1.3131313131313131,7.0,5.593220338983051,0
1434,6.746943918132594,10.0,7.0,5.2542372881355925,3
1435,6.995421888374869,1.0101010101010102,9.0,1.5254237288135593,0
1436,4.869773883604399,5.656565656565657,3.0,3.220338983050847,1
1437,2.50786261817972,9.393939393939394,9.0,5.593220338983051,2
1438,3.7669875833149,0.101010101010101,8.0,6.271186440677966,0
1439,5.539322708780166,5.252525252525253,10.0,7.796610169491525,2
1440,3.666913525626846,4.94949494949495,9.0,7.627118644067797,0
1441,6.14505688976946,4.747474747474747,9.0,1.3559322033898304,0
1442,2.558548854029412,7.6767676767676765,9.0,5.2542372881355925,2
1443,9.963788675906248,0.101010101010101,7.0,8.135593220338983,1
1444,6.248881921268024,6.666666666666667,11.0,5.593220338983051,2
1445,0.2860357977551864,4.444444444444445,1.0,7.966101694915253,1
1446,9.297702288094026,2.2222222222222223,7.0,4.745762711864407,0
1447,8.216989025997135,9.191919191919192,9.0,4.237288135593221,3
1448,5.465986361843942,1.0101010101010102,12.0,3.389830508474576,0
1449,2.558548854029412,6.565656565656566,7.0,7.627118644067797,2
1450,6.159435622709744,0.5050505050505051,1.0,6.440677966101695,1
1451,2.344454810383465,6.565656565656566,8.0,3.7288135593220337,2
1452,3.7669875833149,3.7373737373737375,7.0,7.288135593220338,0
1453,3.7669875833149,0.5050505050505051,5.0,6.440677966101695,1
1454,6.496782818616373,8.282828282828282,8.0,4.067796610169491,3
1455,7.422936723957183,1.0101010101010102,6.0,4.406779661016949,0
1456,7.813999788406608,8.181818181818182,9.0,1.694915254237288,3
1457,6.099035326478991,6.8686868686868685,10.0,3.898305084745762,2
1458,0.9166322025910576,1.0101010101010102,6.0,5.2542372881355925,0
1459,2.708683985265406,8.88888888888889,10.0,2.88135593220339,2
1460,9.051292162388314,1.9191919191919191,11.0,7.288135593220338,0
1461,7.813999788406608,2.4242424242424243,7.0,5.2542372881355925,0
1462,2.344454810383465,0.0,8.0,2.203389830508475,0
1463,9.051292162388314,8.787878787878787,11.0,2.542372881355932,3
1464,2.555374953112828,7.272727272727272,10.0,7.966101694915253,2
1465,3.7669875833149,5.757575757575758,11.0,7.796610169491525,2
1466,1.6879382147288242,0.8080808080808081,3.0,6.9491525423728815,1
1467,0.2860357977551864,0.202020202020202,8.0,5.932203389830508,0
1468,5.862772065824784,5.555555555555555,4.0,0.3389830508474576,1
1469,2.780770007598127,4.444444444444445,7.0,3.389830508474576,2
1470,6.248881921268024,1.414141414141414,3.0,2.711864406779661,1
1471,5.047223798486146,3.0303030303030303,9.0,2.88135593220339,0
1472,5.539322708780166,1.414141414141414,4.0,0.6779661016949152,1
1473,4.330499264232062,3.2323232323232323,6.0,4.067796610169491,2
1474,5.862772065824784,5.05050505050505,11.0,5.2542372881355925,0
1475,8.804737768459121,1.818181818181818,1.0,4.406779661016949,1
1476,0.0,6.96969696969697,12.0,2.711864406779661,2
1477,0.2844488472968944,3.939393939393939,7.0,4.576271186440677,2
1478,5.705567791638216,6.161616161616162,10.0,4.406779661016949,2
1479,2.0653438873553718,7.070707070707071,9.0,3.389830508474576,2
1480,6.159435622709744,1.818181818181818,6.0,1.3559322033898304,0
1481,8.45233858790263,7.878787878787879,4.0,2.88135593220339,1
1482,6.69159300972368,0.202020202020202,11.0,6.9491525423728815,0
1483,5.047223798486146,0.8080808080808081,8.0,1.0169491525423728,0
1484,4.656785896338474,6.4646464646464645,9.0,0.5084745762711864,3
1485,1.6879382147288242,0.101010101010101,10.0,2.542372881355932,0
1486,8.566743289123139,3.8383838383838382,11.0,3.7288135593220337,0
1487,5.611985804006811,5.252525252525253,1.0,4.237288135593221,1
1488,6.69159300972368,9.393939393939394,11.0,4.406779661016949,2
1489,7.934319486789842,9.09090909090909,9.0,4.067796610169491,3
1490,4.552768507208604,7.272727272727272,10.0,4.406779661016949,2
1491,6.611476056283844,2.4242424242424243,9.0,8.135593220338983,0
1492,0.7880892154694008,2.929292929292929,9.0,4.067796610169491,0
1493,8.954055379762055,8.585858585858587,10.0,2.711864406779661,3
1494,9.033018187414042,6.565656565656566,8.0,3.220338983050847,3
1495,6.995421888374869,5.757575757575758,9.0,7.11864406779661,2
1496,0.4248218287440009,8.181818181818182,2.0,4.067796610169491,1
1497,5.10257470689506,2.525252525252525,11.0,4.915254237288136,0
1498,1.6753868792859687,2.727272727272727,7.0,4.067796610169491,0
1499,5.847960528214057,8.282828282828282,8.0,6.271186440677966,3
1500,4.869773883604399,2.8282828282828283,9.0,4.915254237288136,0
1501,6.69159300972368,2.6262626262626263,7.0,5.423728813559322,0
1502,8.954055379762055,7.272727272727272,5.0,5.762711864406779,3
1503,2.3261327460013663,3.939393939393939,2.0,4.576271186440677,1
1504,9.297702288094026,9.696969696969695,8.0,5.762711864406779,3
1505,2.705654352572303,6.363636363636363,3.0,0.3389830508474576,1
1506,6.69159300972368,7.6767676767676765,2.0,1.694915254237288,1
1507,8.634164638896639,1.1111111111111112,7.0,1.694915254237288,0
1508,7.934319486789842,1.7171717171717171,10.0,4.237288135593221,0
1509,3.561645811893473,8.282828282828282,7.0,6.9491525423728815,2
1510,2.344454810383465,0.202020202020202,8.0,5.2542372881355925,0
1511,2.0653438873553718,0.404040404040404,9.0,5.084745762711864,0
1512,8.659652025044965,3.4343434343434343,5.0,1.3559322033898304,1
1513,3.7669875833149,8.98989898989899,9.0,6.779661016949153,2
1514,5.3721639271734025,0.101010101010101,8.0,4.576271186440677,0
1515,10.0,10.0,2.0,0.6779661016949152,1
1516,2.0653438873553718,6.161616161616162,12.0,2.88135593220339,2
1517,6.69159300972368,10.0,6.0,3.7288135593220337,3
1518,1.6657209083127351,0.6060606060606061,2.0,4.745762711864407,1
1519,7.528492974137518,0.5050505050505051,6.0,2.203389830508475,0
1520,7.008694564935129,9.393939393939394,3.0,4.576271186440677,1
1521,6.496782818616373,0.8080808080808081,6.0,4.576271186440677,0
